plastic,sequence,plastic_degrading_enzyme
Ecoflex,MRIRRQAGTGARASMARAIGVMTTALAVLVGAVGGVAGAEVSTAQDNPYERGPDPTEDSIEAIRGPFSVATERVSSFASGFGGGTIYYPRETDEGTFGAVAVAPGFTASQGSMSWYGERVASQGFIVFTIDTNTRLDQPGQRGRQLLAALDYLVERSDRKVRERLDPNRLAVMGHSMGGGGSLEATVMRPSLKASIPLTPWNLDKTWGQVQVPTFIIGAELDTIASVRTHAKPFYESLPSSLPKAYMELDGATHFAPNIPNTTIAKYVISWLKRFVDEDTRYSQFLCPNPTDRAIEEYRSTCPY,1
Nylon,MNTTPVHALTDIDGGIAVDPAPRLAGPPVFGGPGNDAFDLAPVRSTGREMLRFDFPGVSIGAAHYEEGPTGATVIHIPAGARTAVDARGGAVGLSGGYDFNHAICLAGGASYGLEAGAGVSGALLERLEYRTGFAEAQLVSSAVIYDFSARSTAVYPDKALGRAALEFAVPGEFPQGRAGAGMSASAGKVDWDRTEITGQGAAFRRLGDVRILAVVVPNPVGVIMDRAGTVVRGNYDAQTGVRRHPVFDYQEAFAEQVPPVTEAGNTTISAIVTNVRMSPVELNQFAKQVHSSMHRGIQPFHTDMDGDTLFAVTTDEIDLPTTPGSSRGRLSVNATALGAIASEVMWDAVLEAGK,1
Nylon,MNARSTGQHPARYPGAAAGEPTLDSWQEAPHNRWAFARLGELLPTAAVSRRDPATPAEPVVRLDALATRLPDLEQRLEETCTDAFLVLRGSEVLAEYYRAGFAPDDRHLLMSVSKSLCGTVVGALIDEGRIDPAQPVTEYVPELAGSVYDGPSVLQVLDMQISIDYNEDYVDPASEVQTHDRSAGWRTRRDGDPADTYEFLTTLRGDGGTGEFQYCSANTDVLAWIVERVTGLRYVEALSTYLWANVDADRDATITVDQTGFGFANGGVSCTARDLARVGRMMLDGGVAPGGRVVSQGWVESVLAGGSREAMTDEGFTSAFPEGSYTRQWWCTGNERGNVSGIGIHGQNLWLDPRTDSVIVKLSSWPDPDTRHWHGLQSGILLDVSRALDAV,1
Nylon,MNTTPVHALTDIDGGIAVDPAPRLAGPPVFGGPGNDAFDLAPVRSTGREMLRFDFPGVSIGAAHYEEGPTGATVIHIPAGARTAVDARGGAVGLSGGYDFNHAICLAGGASYGLEAGAGVSGALLERLEYRTGFAEAQLVSSAVIYDFSARSTAVYPDKALGRAALEFAVPGEFPQGRAGAGMSASAGKVDWDRTEITGQGAAFRRLGDVRILAVVVPNPVGVIMDRAGTVVRGNYDAQTGVRRHPVFDYQEAFAEQVPPVTEAGNTTISAIVTNVRMSPVELNQFAKQVHSSMHRGIQPFHTDMDGDTLFAVTTDEIDLPTTPGSSRGRLSVNATALGAIASEVMWDAVLEAGK,1
Nylon,MLRFDFPGVSIGAAHYEEGPTGATVIHIPAGARTAVDARGGAVGLSGGYDFNHAICLAGGAGYGLEAGAGVSGALLERLEYRTGFAELQLVSSAVIYDFSARSTAVYPDKALGRAALEFAVPGEFPQGRAGAGMSASAGKVDWDRTEITGQGAAFRRLGDVRILAVVVPNPVGVIVDRAGTVVRGNYDAQTGVRRHPVFDYQEAFAEQVPPVTEAGNTTISAIVTNVRMSPVELNQFAKQVHSSMHRGIQPFHTDMDGDTLFAVTTDEIDLPTTPGSSRGRLSVNATALGAIASEVMWDAVLEAGK,1
Nylon,MNARSTGQHPARYPGAAAGEPTLDSWQEAPHNRWAFARLGELLPTAAVSRRDPATPAEPVVRLDALATRLPDLEQRLEETCTDAFLVLRGTEVVAEYYRAGFAPDDRHLLMSVSKSLCGTVVGALVDEGRIDPAQPVTEYVPELAGSVYDGPSVLQVLDMQISIDYNEDYVDPASEVQTHGRSAGWRTRRHGDPADTYEFLTTLRGDGSTGEFQYCSANTDVLAWIVERVTGLRYVEALSTYLWAKLDADRDATITVDTTGFGFAHGGVSCTARDLARVGRMMLDGGVAPGGRVVSEDWVRRVLAGGSHEAMTDKGFTNTFPDGSYTRQWWCTGNERGNVSGIGIHGQNLWLDPLTDSVIVKLSSWPDPDTEHWHRLQNGILLDVSRALDAV,1
O-PVA,MFKPVVKSRSSRSFCYLAGCLAMVAATLSSTAQAKSEWACPEGFTPKAGLNTDFPSDGKKRAFVVVPPKDSAGGAPVWVPMVGTVEATNWNLNVPRSGNNAKLAEHGYMVISPVRQCAEQDPNLGAGACNGVGKDGWTWNPWNDGRAPDASGDKYKTDAGDDVRFLEAMVRCVGTKWKLDRKRLFLGGISAGGTMTNRALLFDSEFWAGGMPISGEWYSTKDDGSTVPFQETRKMVAAAPAKIWQGRVGPYPLPSKLDPMVVITVWGGEKDLWDCGPPLGLCSDYRPTTQASSNYFSSISNVVHVACSATHGHMWPQVNTDAFNLWALNTMASHPKGSSPKDFKLTAPPEGYSCKIGRFTDHYK,1
O-PVA,MNQSLGVLRLTRGVIALALASVASGCSSTGADRTAATPAAANPAATEPVKWECPAGYEVKEGLNVDFPHKGMKRAFIVYPAKNVSGPAPVWVPMTGSVESTNDNLTVARSGANSILADHGYTVIAPVRACANQDPNIRGERCNGPGSNGWNWNPWFEGRAADPSGEHWKNDEGPDSSFFVAMVQCVGTKYKLDARRLFLGGISSGGTMTNRALLFRSNFWAGGLPISGEWYVTSDDGTPLSFDDARAAVAAAPTKIHQGRVGPYPLPAKVGPLIVMTVWGGEKDLWNCTRPDGSRFLCADYRPSTQAGSNFFSAQPDVVHVACSSTHGHMWPQLNTQEFNRWALDTLASHPKGSDPRSFKLTQPPEGYTCHVGPFTGLY,1
P(3HB-co-3MP),MRSIRLKRLIAAVALGGAAAATQAASPLPRLNVDKTQISVSGLSAGGFMANQLGYAYSGTFMGVGIFAGGPYMCAGHSNYTSCMYNATITSSMRSAMQASIDNWSGAHIDPKAHVANQRVFLFVGNSDTTVGPNPMDAVHAQYQHNGVRRTARVRGRNSTAHVFPTDFDATGNNACNSTASPYIANCGYDGAKAVLSRIYGTLQPRNDAPAGANYIEFDQTAFTNNPGMASTGWVYVPANCAAGAQCRLHVALHGCQQSTGHIGDRFVKNTGYTRWADTNNIIVLFPQAKTDNTPRNTAASGMLPNPNACWDWVGWYGSNFAQKTGTQAAAIKAMVDHVASARPRLRLPAPTGVQTSGATSSSMVISWAAVQGAAGYNVYRDGTKVNATAVSGTSYTDNGLSPGTTYQWTVRAVNAQGPRPAVGPATGTTTGTAAVCFTSSNYAHVSAGRAYVSMGYTYANASHQNMGLWNVFVTTTLKQTGPNYYVIGTCP,1
P3HP,MAFNFIRAAAAGAAMALCGVGSVHAAVNLPALKIDKTQTTVSGLSSGGFMAVQLHVAYSATFAKGAGVVAGGPFYCAEGSIVNATGRCMASPAGIPTSTLVSTTNTWASQGVIDPVANLQNSKVYLFSGTLDSVVKTGVMDALRTYYNSFVPAANVVYKKDIAAEHAMVTDDYGNACSTKGAPYISDCNFDLAGAMLQHLYGTLNARNNATLPTGNYIEFNQSEFITNHGMATTGWAYVPQACQAGGTATCKLHVVLHGCKQNIGDVQQQYVRNTGYNRWADTNNIVMLYPQTSTAATNSCWDWWGYDSANYSKKSGPQMAAIKAMVDRVSSGTGGTTPPDPVALPAPTGVSTSGATASSMAIGWAAVMGAASYNVYRNANKVNALPVTATSYTDTGLAASTTYSWTVRAADANGAEGATSAAASGTTLAASGGGTATCTTASNYAHTLAGRAYAAGGYTYALGSNQNMGLWNVFVTNTLKQTSTNYYVIGTCP,1
P3HP,MTKQSLPQGMADQRLCRFFTAALCSLLMLLLWPTTVTAGQTFSYTSPQQAYSGSRERSYKVYVPTGLSTPAPMVMALHGCRQTNDDVLNDWGLKAAADRYGFILVAPFITSYDGLRNENCWGFWFEQHIHQGGGEVADLHRIAQQVEANFVIDANRRFITGLSSGGAMALVAAVAYNEYWAAAAPAAGLPYRETASSVSLSGQCPGSATFRSVSQVAADMRSEVNDAYPIPLMILQNRNDCTVLQTAANNMRDAHLQVFGSASRNTPATTKASDTGCSPYHQNDYGCRHIAYTQDGTTATRSLVETVIYDGPLATPNPQDTNHGHYWIGGAQGNNGKWSLQVGPSYPDIIWDFFSRHSRDGSQPQGHPVIVLQGDNPLSVPLGSTFNDPGASASDAEDGSLPVSADCSAVNPSVVGSYSCLYSATDSDGNRSTLTRTVEVYDPNAPVETCQVVSASPSAHIGAGRAYAGGTSNLRAYAKDDGVDIGGSFDTWSNVPLYEGEPGRWYAQRPAACGGSGQAFTCQEWNASNLSHVMAGRAYYGYYTVGGNQYLGSLSGLSTWVRETAQGHFQAGRCSN,1
P3HP,MVRRLWRRIAGWLAACVAILCAFPLHAATAGPGAWSSQQTWAADSVNGGNLTGYFYWPASQPTTPNGKRALVLVLHGCVQTASGDVIDNANGAGFNWKSVADQYGAVILAPNATGNVYSNHCWDYANASPSRTAGHVGVLLDLVNRFVTNSQYAIDPNQVYVAGLSSGGGMTMVLGCIAPDIFAGIGINAGPPPGTTTAQIGYVPSGFTATTAANKCNAWAGSNAGKFSTQIAGAVWGTSDYTVAQAYGPMDAAAMRLVYGGNFTQGSQVSISGGGTNTPYTDSNGKVRTHEISVSGMAHAWPAGTGGDNTNYVDATHINYPVFVMDYWVKNNLRAGSGTGQAGSAPTGLAVTATTSTSVSLSWNAVANASSYGVYRNGSKVGSATATAYTDSGLIAGTTYSYTVTAVDPTAGESQPSAAVSATTKSAFTCTATTASNYAHVQAGRAHDSGGIAYANGSNQSMGLDNLFYTSTLAQTAAGYYIVGNCP,1
P3HV Oligomers,MFEKFLSGKTAVVTGSNSGIGLGIAHELARAGADLVLNSFTDMPEDHALAESLAAEHGVEVRYVQADMSKGADCRALIEKAGACDILVNNAGIQHVAPIPDFPGEKWDAIIAINLSSAFHTTAAALPLMRKAGWGRVINIASAHGLTASEYKSAYVAAKHGIVGLTKVTALETAKEPITCNAICPGYVLTPIVEKQIPDQMKTHNMSREDVIAKVMLQRQPSGQFATVEQMGGTAVFLCSPAAEQITGTTISVDGGWTAL,1
P4HB,MAFNFIRAAAAGAAMALCGVGSVHAAVNLPALKIDKTQTTVSGLSSGGFMAVQLHVAYSATFAKGAGVVAGGPFYCAEGSIVNATGRCMASPAGIPTSTLVSTTNTWASQGVIDPVANLQNSKVYLFSGTLDSVVKTGVMDALRTYYNSFVPAANVVYKKDIAAEHAMVTDDYGNACSTKGAPYISDCNFDLAGAMLQHLYGTLNARNNATLPTGNYIEFNQSEFITNHGMATTGWAYVPQACQAGGTATCKLHVVLHGCKQNIGDVQQQYVRNTGYNRWADTNNIVMLYPQTSTAATNSCWDWWGYDSANYSKKSGPQMAAIKAMVDRVSSGTGGTTPPDPVALPAPTGVSTSGATASSMAIGWAAVMGAASYNVYRNANKVNALPVTATSYTDTGLAASTTYSWTVRAADANGAEGATSAAASGTTLAASGGGTATCTTASNYAHTLAGRAYAAGGYTYALGSNQNMGLWNVFVTNTLKQTSTNYYVIGTCP,1
P4HB,MTKQSLPQGMADQRLCRFFTAALCSLLMLLLWPTTVTAGQTFSYTSPQQAYSGSRERSYKVYVPTGLSTPAPMVMALHGCRQTNDDVLNDWGLKAAADRYGFILVAPFITSYDGLRNENCWGFWFEQHIHQGGGEVADLHRIAQQVEANFVIDANRRFITGLSSGGAMALVAAVAYNEYWAAAAPAAGLPYRETASSVSLSGQCPGSATFRSVSQVAADMRSEVNDAYPIPLMILQNRNDCTVLQTAANNMRDAHLQVFGSASRNTPATTKASDTGCSPYHQNDYGCRHIAYTQDGTTATRSLVETVIYDGPLATPNPQDTNHGHYWIGGAQGNNGKWSLQVGPSYPDIIWDFFSRHSRDGSQPQGHPVIVLQGDNPLSVPLGSTFNDPGASASDAEDGSLPVSADCSAVNPSVVGSYSCLYSATDSDGNRSTLTRTVEVYDPNAPVETCQVVSASPSAHIGAGRAYAGGTSNLRAYAKDDGVDIGGSFDTWSNVPLYEGEPGRWYAQRPAACGGSGQAFTCQEWNASNLSHVMAGRAYYGYYTVGGNQYLGSLSGLSTWVRETAQGHFQAGRCSN,1
P4HB,MVRRLWRRIAGWLAACVAILCAFPLHAATAGPGAWSSQQTWAADSVNGGNLTGYFYWPASQPTTPNGKRALVLVLHGCVQTASGDVIDNANGAGFNWKSVADQYGAVILAPNATGNVYSNHCWDYANASPSRTAGHVGVLLDLVNRFVTNSQYAIDPNQVYVAGLSSGGGMTMVLGCIAPDIFAGIGINAGPPPGTTTAQIGYVPSGFTATTAANKCNAWAGSNAGKFSTQIAGAVWGTSDYTVAQAYGPMDAAAMRLVYGGNFTQGSQVSISGGGTNTPYTDSNGKVRTHEISVSGMAHAWPAGTGGDNTNYVDATHINYPVFVMDYWVKNNLRAGSGTGQAGSAPTGLAVTATTSTSVSLSWNAVANASSYGVYRNGSKVGSATATAYTDSGLIAGTTYSYTVTAVDPTAGESQPSAAVSATTKSAFTCTATTASNYAHVQAGRAHDSGGIAYANGSNQSMGLDNLFYTSTLAQTAAGYYIVGNCP,1
PBAT,MDSVMQTKEMVMKSNVNSYPIVLVHGFMGWGRNEVLGLKYWGGITDYEQELSSYGYTAYTATVGPVSSNWDRACELYAYIKGGTVDYGHAHSTQKGHSRYGRTYPGLYPEWGNLTTEGKVNKIHLVAHSMGGQTVRTLVQLLKEGSEEERNTTPSQLSSLFAGGKSWVHSITTIASPHDGTTLADGINIFGDFAKNLVASLASFTGAGEKLIYDFKLDQWGLNRKSGESLTDYTNRVFNSAIWNSTNDLANWDLSTDGARVLNQWVKAQSDIYYFSYSTCATVPSILTSNELPHVIYMTPLLYPFGRFIGSYTRNEQGRVIIDNSWKPNDGVVNTISQNGPKIWSSDKIVNYNGVPQIGKWNSMPLLDTIDHMDACGIGTNALTLSWYKGLAEKLSQLTISN,1
PBAT,MTTRPESLGLSAERLKRLDAHFDAKYVQTGKLPFAMTLVSRKGEVAHHGFSGLMDEARGKKVEADSLFRIYSMTKPLTSVLFMMLVEEGKVALDDPVHSLIPSWKNLGVYAGGWDMMASKPCARPMQMVDLLRHTSGLTYGFQQRTNVDAAYRKHNIGVFERQISLDATIEALAALPLEFSPGEAWNYSVSTDILGYLIGKIEGRPFEEVLKARLTGPLGMDDTDFQVKASERGRFAACSAINAKGERVLNDDPEKSSYLQPPVLVSGGGGLVSTAGDYLKFCQMMLNGGEANGTRFLSPKTIALMTSNHLPGGVDLPQLSKSLFSEVAYDGVGFGLGFSVTMDPAKTLLPGTAGEYAWGGAASTAFWIDPKEELIVIFMTQLIPSSFYPIRRELRTLAYSAITESFV,1
PBAT,MNEAMIRGVLEEAVASGGIAGAVVTVTDANATLFQLAVGRQSVAAPDPMRADSVFWIASMTKAITTVAALQLVEQGKLTLDEPIGDVLPELAEPVVLKGFGADGAPVVEPAQAKLTLKHLLTHTSGFSYEFANGDLARYLERTGHPSAATGLKAGLRQPLMFEPGARWEYGIGIDWAGQAVEAASGMTLDAYFAAYVTGPLGMTDTLFLPRADQAARRVAMHQRQPDGSLTAVPFEPRPAPEYLAGGAGLYSTAPDYAAFLRMILNKGMGLLKPETVAAMGTNQIGALRAGKIGSVNPGLTAEADFYPGMDSKWGLGFLINPEKGSFGRSADSLTWAGLPNCYYWIDREKGIGAVILMQSLPSGDMGALKAAAGFEYALYASL,1
PBAT,MRTVDGRIGMVERRTRLVSLLAAAALAVSLSGCSATTVLNTLEPRWDVAATRDVAYAPGPRHDVDVYAPKKIGPHTPVVVFIYGGGWDSGEKSKYAFVGSALASHGYLVFIPNYRIYPEAHYPDFLQDCALAVRWAKDHAAQYGGDPGELFLMGHSAGAYNAAMLATDPQWLGAVGMDPHRDLKGMVGLAGPYDFLPLQSDELKAIFGAVGQEPASQPINHVDGREPPMFLAHDLGDTVVYPKNTINMAAKIQAAGGEVETKYYKGLSHALMIGVFAAPLRFLGPVFRDSTQFIDAHASSSASKP,1
PBAT,MGKQDLVRAVLENAVASGAVAGAVAAVTTASGTVLEVAAGQQSAEVPAPMAVDSVFWVASMTKALTTVAAMQLVEDGRLTLNDPIETILPDLANPMVLEGFADDGSPITRPARKKITLGQLLTHTAGFSYDFASADLARYLAVTGTPSAATGLKAGLRQPLLFEPGERWEYSIGIDWAGQAVEAVSGRRLDDYFAAYVTGPLGMKDTVFQPGKARDSRRAAMHQRTEDGGLKVVPFDPRPAPEFLSGGGGLYSTAPDYLAFMRMILNQGGDILAPETVEAMGRNQIGKLRAGRIGSANPAVIAPSDFYPGMDAKWGLGFLLNPAPGPFGRSAGSLTWAGLPNCYYWIDPAKGIAAVILMQLLPSGDPGALKTYAGFEAAVYASL,1
PBAT,MASWQSKILNPVIRALVKRKLLKTHDAAGIRKAFGGVLPPPRGAQFSADVVGGMPGEWAKSGGAAAGTMLYLHGGGYVGGSTATHRPITAAFAIRGLDVFVPDYRLAPENAFPAAVDDGLAAYKGLLDAGIAPAKLTIAGDSAGGGLALAILLAAKAEGVTMPACAILLSPWTDLAVTGETVRTNLDRDPMLTDSVLKDNAAFYLNGADPKNPLASPLYGDLAGLPPLMITAGDTEVLLEDSTRFAARAREHGVAVSLKIWEGMPHVWQLFQRVLPEARAAIEEAARFAKAHFST,1
PBAT,MKKVIVFLVFMLFCTATYAQKVSKVVFFGDSLTDNGNLFRLVELIPKTPPYYQGRFSNGPTWAENLGEYFVKTNGAKYEIYAYAGATAAAHNIFETLAPTLLVDQVARYLETNPSDDKSKVLFVFWIGANDYLFLPTGNADELTTAAIQKTANGITTLLDQGAQNFLILDLPDLSKTPFAADLNMVSQMGSFTILHNQKLASLVDKMQKEHPQAQLMLFQLLQFSELIENPAKYNAKYHLNLSNTRAACWQGSVFDDIDTDNLANKTNKAISNPQPEVKEPILCEHPEQYVFFDHLHPTATVHQLLAALVEEAMNNRWS,1
PBAT,MAEPKAQGTQKVESSTTKKEVKDAEETIKIPTLEDIDNLIDSAEEVKSEEDINKMPPLKFPVEFPEVNTRSIIGGNNYPIVLVHGFMGFGRDELLGYKYWGGVVDLQEKLNASGHETYTATVGPVSSNWDRACELYAYIVGGTVDYGEAHAKKFKHNRYGRTYPGIYKNISNENKIHLIGHSMGGQTIRTLTQLLSEGSEEEINCGQENISPLFEGGKHWIHSVSTISTPNDGTTLSDLMPAKDLISYTFGVLGTITGKNKLFSSIYDLKLDQWGLKKQNGESQRDYIERVLDSNIWNSTKDIATYDLSTEGAQELNTWVKAQPDVYYFSWTTQATKESILTGHSVAQIGPMNPIFYPTANLMGRYSRNQKDLPIIDKKWFPNDGVVNCISQDGPKLGSNDVIEQYNGGVKIGQWNAMPR;MAGNSDAMGVGNNYPIVMVHGCFGWGSNEGAGLYYWGGKESLTQKLTEKGYTVYSPSIGPVSSNWDRACELYTYIVGGTVDYGESHSKKYGHERYGRSYPGVYKQIGTKDSSGNVQKIHLIGHSMGGQTIRLLAQLLENGDPNELSFTTDGSINSLFTGGKSWVSSITSIATPHDGSQEAHIKCDIEPLTHQFVAAIAAIKGKNVNLDDLNYDFQLDQWGLKRKPGESRLAYNNRVIKSEIWKKTKDLSVWDLSPEGAREFNSYVKAQSDIDYFSIACVNTHEDKLTHFQVPNKKMNPVLVKSSIFMGMYTNNKSGEVPIDKSWWRNDGVVSVISAINPKVGSTDKIVDYSGTAVKGTWNYLGELDNTDHIEVCGMKYDRKGIEQMYFNVAEMLSKLPVEIINTDHMDIVGTFGNVKDWYMDYASFLSNLSR,1
PBAT,MAKQFLYDNLPVVETKAGKLRGYQWEGTYIFKGIRYARANRFQLPEEVEPWEGVKEAASYGFVCPMLTRDHPQGELLVPHRYWPQDEDCLSLNIWSQSLDRSAKKPVMFWIHGGAFSMGSSIEQKAYNGENMSRYGDVVVVTVNHRLNILGYLDLSPYGERYAGSANAGQADLVAALKWVRDNIEAFGGDPDNVTIFGQSGGGMKVSGLMQTPEADGLFHRAMIMSGVAGDVLPYSTGDSRPLIQAMLKELGLAEQEAGRLETVPYYDLAAAYNRVSPAIARAGGYIGCTPRPDDFYKGEGPAVGFTDHAKTIPVMVGTVFGEFAMMPLPFNKETISEAELDEILDKRFQGHGKELKTVFAEAYPGKSPVDLLTLDTIFRGPTKEFVRSLAAAGGSVYSYLFALEFPYQNQKTA,1
PBAT,MGTLLVVGDSISAAFGLDSRQGWVALLEKRLSEEGFEHSVVNASISGDTSAGGAARLSALLAEHKPELVIIELGGNDGLRGQPPAQLQQNLASMVEQSQQAGAKVLLLGMKLPPNYGVRYTTAFAQVFTDLAEQKQVSLVPFFLEGVGGVPGMMQADGIHPAEAAQEILLDNVWPTLKPML,1
PBS,MRGVWRYMPVYYYKCMLIPLLTFTKISIISKPQESRISLIICRTMPTVATFLGLAISGAAMASGAALGAYNVDPNSISVSGLSSGGFMSAQLGVAYSDTFKVGFGVFAGGPYDCARGQSYTTCMYNQNPSITTPVANMKSWSGNKINPVSNLQSRKIYMWTGTADTTVGPNVMSQLKTQLANFASAANVSYITTSGAAHTFPTDFDAAGDNSCSSSVSPYISNCQCDGAGAVLQWMYGPLNARNPGTLSGSIVSFSQTGEYGASGMDTTGYLYVPRACQPGSSTVCKLHVALHGCKQSYSMIGSKFVSNTGYNMWADTNDIIILYPQAVADNTMHTIWTGMPLPNPNGCWDWVGWYGANADQVGGVQMAAIVNQVARVVSGYGAGSSSSTTAATPTTTTGSITTTTTTTATVTTTAVAPLYGQCGGIGWTGPTACATGVCTAYSPYYAQCLLIV,1
PBS,MRIRRQAGTGARASMARAIGVMTTALAVLVGAVGGVAGAEVSTAQDNPYERGPDPTEDSIEAIRGPFSVATERVSSFASGFGGGTIYYPRETDEGTFGAVAVAPGFTASQGSMSWYGERVASQGFIVFTIDTNTRLDQPGQRGRQLLAALDYLVERSDRKVRERLDPNRLAVMGHSMGGGGSLEATVMRPSLKASIPLTPWNLDKTWGQVQVPTFIIGAELDTIASVRTHAKPFYESLPSSLPKAYMELDGATHFAPNIPNTTIAKYVISWLKRFVDEDTRYSQFLCPNPTDRAIEEYRSTCPY,1
PBS,MHLRNIVIALAATAVASPVDLQDRQLTGGDELRDGPCKPITFIFARASTEPGLLGISTGPAVCNRLKLARSGDVACQGVGPRYTADLPSNALPEGTSQAAIAEAQGLFEQAVSKCPDTQIVAGGYSQGTAVMNGAIKRLSADVQDKIKGVVLFGYTRNAQERGQIANFPKDKVKVYCAVGDLVCLGTLIVAPPHFSYLSDTGDASDFLLSQLG,1
PBS,MLVSALALAVLSAASLGRAAPTPESAEAHELEARATSSACPQYVLINTRGTGEPQGQSAGFRTMNSQITAALSGGTIYNTVYTADFSQNSAAGTADIIRRINSGLAANPNVCYILQGYSQGAAATVVALQQLGTSGAAFAVKGVFLIGNPDHKSGLTCNVDSNGGTTTRNVNGLSVAYQGSVPSGWVSKTLDVCAYGDGVCDTAHGFGINAQHLSYPSDQGVQTMGYKFAVNKLGGSA,1
PBS,MLLKKRWLIFISFLLAFTLLIPTAASASEKHYKPNIALEPIENSEGNEHPIILVHGLGGFGRDELGGIIKMWGGIHDIEKKLREKGYKVYTAAVGPVSSNRDRAIELYYQIKGGTVDYGEAHAKKYGHDRYGRTYPGFYPEWGEINPKTGKPNKVHLIGHSMGGQTIRTLAQLLYEGDPEEHKTGGNDISPLLSGEKQPWLHSVLSISSPHDGSTATYLVNDVIPIIQELVIGAAIFAGNIDQNLYDFKLDHWGIKKRPGESFHSYVQRVRNSPGWKTKDTANWDLKPEGAYELNRWVKAQPDVYYFSVSNTQSRRSLLTGYYVPDLFMNPFLHPTAYYIGSKTFRKSNFVLDKTWWENDGLVSVKAMKGPNIGSNDVIVEYNGTPRKGVWNHLGTMRQFDHLDIIGWGVRDVTSWYEDVARFLYSLPDDY,1
PBS,METVKGVHLAIAALLFLCVLPGNADASEKQFDLVLVHGLTNKHRWSDSFLRALVNEWGSGNVYVIYTNQSMQVSKRTIDGKTITFIGKNDFSAGDDSVKDQAEIMAEKIEVLKRDHGLSPQFYIIAHSMGGLVSRQYIYDHPNTVAGLVTLGTPHHGSPLASDFDWLGFFIGAEAAMDNLRPEWVEDFNRRFPVENAPLYNGGKIYTIRGDSDGKIWEWGAMGELYVGWHILHKKHGTDSDGLVPHASAVIEGAVHLADFPNYHHLDLVTREEVAKKAAEVLR,1
PBS,MHESVHAESLWLTMDDGAEVYVRVWEPAARAAADSSDDAPAPPAAAGGPRAVLQLAHGMTEHSGRYDDFARFLAGRGFAVVGNDHRGHGHTGERADSMGYLADQDGFERLVDDLRAVHEWACRRWPGAPRFLMGHSMGSFLVRRYIQRYGDTVAGVIIMGTAGNPGLPGKIGRRLARLEMRRRGPRHPSMLLTSLVFGGYNKKIRSPKTAFDWLSRDAEAVKAYVADPWCGFVPSAGFYFDLLTGLLLIHDEREIARIPKDLPMLFLSGDADPVTGYGKGVERVIAQYERHGLRRMTSILYKDARHELLNELNKEEVYGDILKWLENTQAGILRNLSK,1
PBS,MQFKSTFAALVLAAAGLVQAAPLQERAGCSSYVIINTRGTSEPQGPSVGFRTMNTRIRSAVSGGSEYDTVYPAGIDQNSAQGTANIVAQVKAGLARNPNTCFLLEGYSQGAAATCNALPQLTGAAFDAVKGVILIGNPEHKPNLACNVDGNGGKTTFSARGISAAFTQGVPSNWVSKTLDICIYGDGVCDVSSGFGITPQHLTYGYNTNVQTMGANFGIKALQG,1
PBS,MHLPRSRWDIPFKEETTMTHHFSVRALLAAGALLASAAVSAQTNPYERGPAPTTSSLEASRGPFSYQSFTVSRPSGYRAGTVYYPTNAGGPVGAIAIVPGFTARQSSINWWGPRLASHGFVVITIDTNSTLDQPDSRSRQQMAALSQVATLSRTSSSPIYNKVDTSRLGVMGWSMGGGGSLISARNNPSIKAAAPQAPWSASKNFSSLTVPTLIIACENDTIAPVNQHADTFYDSMSRNPREFLEINNGSHSCANSGNSNQALLGKKGVAWMKRFMDNDRRYTSFACSNPNSYNVSDFRVAACN,1
PBS blend,MSIDKYSPKTRGLINSRRHKMKQSTNNSASPSGLVVQHLDEKAHLRHQNRMDEATICLSLKSLDTEVGAHGLNVGVVSVGKVLGGDSESGADVANSVAVDADVERLGDPVGGDALGESSRDTSSAEGGLATVTIDVASEVGLVFGVADKNDTLDGVERRTSKLRKGIAGGSGTLGVALEEEARVGVAGQTGLDLGHDVGSTLGRVLVDTGWVDGVVFGATRNGGANAGVHGAEADRGTLRLAGTASVDDDVRRTASTLLERSSLHETSGGKDEGGKGRLELHLEIDRKGG,1
PBSA,MHLRNIVIALAATAVASPVDLQDRQLTGGDELRDGPCKPITFIFARASTEPGLLGISTGPAVCNRLKLARSGDVACQGVGPRYTADLPSNALPEGTSQAAIAEAQGLFEQAVSKCPDTQIVAGGYSQGTAVMNGAIKRLSADVQDKIKGVVLFGYTRNAQERGQIANFPKDKVKVYCAVGDLVCLGTLIVAPPHFSYLSDTGDASDFLLSQLG,1
PBSA,MRIRRQAGTGARASMARAIGVMTTALAVLVGAVGGVAGAEVSTAQDNPYERGPDPTEDSIEAIRGPFSVATERVSSFASGFGGGTIYYPRETDEGTFGAVAVAPGFTASQGSMSWYGERVASQGFIVFTIDTNTRLDQPGQRGRQLLAALDYLVERSDRKVRERLDPNRLAVMGHSMGGGGSLEATVMRPSLKASIPLTPWNLDKTWGQVQVPTFIIGAELDTIASVRTHAKPFYESLPSSLPKAYMELDGATHFAPNIPNTTIAKYVISWLKRFVDEDTRYSQFLCPNPTDRAIEEYRSTCPY,1
PBSA,MVRSMRSRVVAAAVACAMSGAQFAGTTAVMTLATTHAATAATAATAATAATDDYAATRYPVVLVHGLTGTDKYAGVLEYWYGIQEDLQRHGATVYVANLSGFQSDDGPNGRGEQLLAYVKTVLAATGATKVNLIGHSQGGLTSRYVAAVAPDLVASVTTIGTPHRGSEFADFVQSVLAYDPTGLSSSVIATFFNVFGILTSSSNNTNQDALAALKTLTTSQAAAYNQNYPSAGLGAPGSCQTGAPTETVGGNTHLLYSWAGTAIQPTVSMFGVTGAKDVSTIPVIDPANALDLSTLALLGTGTVMINRGAGQNDGLVSKCSALYGQVLGTRYKWNHLDEINQLLGVRGAYAEDPVAVIRTHANRLKLAGV,1
PBSA,MNLVGHSQGGLTSRYVAAVAPDLVASVTTIGTPHRGSEFADFVQSVLAYDPTGLSSSVIAAFANVFGILTSSSNNTNQDALAALKTLTTSQAATYNQNYPSAGLGAPGSCQTGAPTETVGGNTHLLYSWAGTAIQPTISAFGVTGATDTSTIPLIDPANALDLSTLALFGTGTVMINRASGQNDGLVSKCSALYGKVLSTSYKWNHLDEINQLLGVRGANAEDPVAVIRTHANRLKLAGV,1
PBSA,MHLRNIVIALAATAVASPVDLQDRQLTGGDELRDGPCKPITFIFARASTEPGLLGISTGPAVCNRLKLARSGDVACQGVGPRYTADLPSNALPEGTSQAAIAEAQGLFEQAVSKCPDTQIVAGGYSQGTAVMNGAIKRLSADVQDKIKGVVLFGYTRNAQERGQIANFPKDKVKVYCAVGDLVCLGTLIVAPPHFSYLSDTGDASDFLLSQLG,1
PBSA,MLLKKRWLIFISFLLAFTLLIPTAASASEKHYKPNIALEPIENSEGNEHPIILVHGLGGFGRDELGGIIKMWGGIHDIEKKLREKGYKVYTAAVGPVSSNRDRAIELYYQIKGGTVDYGEAHAKKYGHDRYGRTYPGFYPEWGEINPKTGKPNKVHLIGHSMGGQTIRTLAQLLYEGDPEEHKTGGNDISPLLSGEKQPWLHSVLSISSPHDGSTATYLVNDVIPIIQELVIGAAIFAGNIDQNLYDFKLDHWGIKKRPGESFHSYVQRVRNSPGWKTKDTANWDLKPEGAYELNRWVKAQPDVYYFSVSNTQSRRSLLTGYYVPDLFMNPFLHPTAYYIGSKTFRKSNFVLDKTWWENDGLVSVKAMKGPNIGSNDVIVEYNGTPRKGVWNHLGTMRQFDHLDIIGWGVRDVTSWYEDVARFLYSLPDDY,1
PBSA,METVKGVHLAIAALLFLCVLPGNADASEKQFDLVLVHGLTNKHRWSDSFLRALVNEWGSGNVYVIYTNQSMQVSKRTIDGKTITFIGKNDFSAGDDSVKDQAEIMAEKIEVLKRDHGLSPQFYIIAHSMGGLVSRQYIYDHPNTVAGLVTLGTPHHGSPLASDFDWLGFFIGAEAAMDNLRPEWVEDFNRRFPVENAPLYNGGKIYTIRGDSDGKIWEWGAMGELYVGWHILHKKHGTDSDGLVPHASAVIEGAVHLADFPNYHHLDLVTREEVAKKAAEVLR,1
PBSA,MHESVHAESLWLTMDDGAEVYVRVWEPAARAAADSSDDAPAPPAAAGGPRAVLQLAHGMTEHSGRYDDFARFLAGRGFAVVGNDHRGHGHTGERADSMGYLADQDGFERLVDDLRAVHEWACRRWPGAPRFLMGHSMGSFLVRRYIQRYGDTVAGVIIMGTAGNPGLPGKIGRRLARLEMRRRGPRHPSMLLTSLVFGGYNKKIRSPKTAFDWLSRDAEAVKAYVADPWCGFVPSAGFYFDLLTGLLLIHDEREIARIPKDLPMLFLSGDADPVTGYGKGVERVIAQYERHGLRRMTSILYKDARHELLNELNKEEVYGDILKWLENTQAGILRNLSK,1
PBSA,MQFKSTFAALVLAAAGLVQAAPLQERAGCSSYVIINTRGTSEPQGPSVGFRTMNTRIRSAVSGGSEYDTVYPAGIDQNSAQGTANIVAQVKAGLARNPNTCFLLEGYSQGAAATCNALPQLTGAAFDAVKGVILIGNPEHKPNLACNVDGNGGKTTFSARGISAAFTQGVPSNWVSKTLDICIYGDGVCDVSSGFGITPQHLTYGYNTNVQTMGANFGIKALQG,1
PBSA blend,MSIDKYSPKTRGLINSRRHKMKQSTNNSASPSGLVVQHLDEKAHLRHQNRMDEATICLSLKSLDTEVGAHGLNVGVVSVGKVLGGDSESGADVANSVAVDADVERLGDPVGGDALGESSRDTSSAEGGLATVTIDVASEVGLVFGVADKNDTLDGVERRTSKLRKGIAGGSGTLGVALEEEARVGVAGQTGLDLGHDVGSTLGRVLVDTGWVDGVVFGATRNGGANAGVHGAEADRGTLRLAGTASVDDDVRRTASTLLERSSLHETSGGKDEGGKGRLELHLEIDRKGG,1
PCL,MFQRVWALTAALMLMLSLGATSSHAAQNPHERGPDPSNSYIEQARGSYSVSQRSISRLGSDGFRDGTMYYPTSTADGRFGVVAISPGYTASESTIAWLGPRLASFGFVVVTINTDSRYDQPRQRATQLHAALDHAIGDSVVGPRIDTSRQAVMGHSMGGGGALQAAEERDEIRAAVPLTPWNLKKGWSGVDAATLVIGAENDAIAPVRSHSIPFYESLTNAERRAYLELRREGHFAPNSSNTLIAKYSVSWLKRYVDNDLRYDQFIDPGPRTGITTGVSDYRLG,1
PCL,MTASTTRQRISARRLGLRRATLGVATAGLVAAMFTAASAQAATGPVAGSTHVSASAAGSDTIQANFVVSEAQFNQMFPNRNPFYTYQGLVDALSAFPGFANTGDDTTKKQEAAAFLANVNHETGGLQYVVEQNTANYPAYCDWSQPYGCPAGQDAYYGRGPIQLSWNFNYKAAGDAIGVDLLNNPWLVENDPAIAWKTGLWYWNTQSGPGTMTPHDAMVNHAGFGQTIRSINGSLECDGRNPAQVQSRVDAYQRFTSILGVAPGDNLYC,1
PCL,MNKSILKKLSFGTSVLLVSMNALSWTPSPTPNPDPIPDPTPCQDDCDFTRGPNPTPSSLEASTGPYSVATRSVASSVSGFGGGTLHYPTNTTGTMGAIAVVPGFLLQESSIDFWGPKLASHGFVVITISANSGFDQPASRATQLGRALDYVINQSNGSNSPISGMVDTTRLGVVGWSMGGGGALQLASGDRLSAAIPIAPWNQGGNRFDQIETPTLVIACENDVVASVNSHASPFYNRIPSTTDKAYLEINGGSHFCANDGGSIGGLLGKYGVSWMKRFIDNDLRYDAFLCGPDHAANRSVSEYRDTCNY,1
PCL,MPPDCVLPRRLAAAALLASATLVPLSAAAQTNPYQRGPDPTTRDLEDSRGPFRYASTNVRSPSGYGAGTIYYPTDVSGSVGAVAVVPGYLARQSSIRWWGPRLASHGFVVITLDTRSTSDQPASRSAQQMAALRQVVALSETRSSPIYGKVDPNRLAVMGWSMGGGGTLISARDNPSLKAAVPFAPWHNTANFSGVQVPTLVIACENDTVAPISRHASSFYNSFSSSLAKAYLEINNGSHTCANTGNSNQALIGKYGVAWIKRFVDNDTRYSPFLCGAPHQADLRSSRLSEYRESCPY,1
PCL,MPITARNTLASLLLASSALLLSGTAFAANPPGGDPDPGCQTDCNYQRGPDPTDAYLEAASGPYTVSTIRVSSLVPGFGGGTIHYPTNAGGGKMAGIVVIPGYLSFESSIEWWGPRLASHGFVVMTIDTNTIYDQPSQRRDQIEAALQYLVNQSNSSSSPISGMVDSSRLAAVGWSMGGGGTLQLAADGGIKAAIALAPWNSSINDFNRIQVPTLIFACQLDAIAPVALHASPFYNRIPNTTPKAFFEMTGGDHWCANGGNIYSALLGKYGVSWMKLHLDQDTRYAPFLCGPNHAAQTLISEYRGNCPY,1
PCL,MMNVLTKCKLALGIIAIFFSLPSFAVPCSDCSNGFERGQVPRVDQLESSRGPYSVKTINVSRLARGFGGGTIHYSTESGGQQGIIAVVPGYVSLEGSIKWWGPRLASWGFTVITIDTNTIYDQPDSRASQLSAAIDYVIDKGNDRSSPIYGLVDPNRVGVIGWSMGGGGSLKLATDRKIDAVIPQAPWYLGLSRFSSITSPTMIIACQADVVAPVSVHASRFYNQIPGTTPKAYFEIALGSHFCANTGYPSEDILGRNGVAWMKRFIDKDERYTQFLCGQNFDSSLRVSEYRDNCSYY,1
PCL,MLPAGQDAAALEARQLGGSITRNDLANGNSGSCPGVIFIYARGSTESGNLGTLGPRVASKLEAKYGKNGVWIQGVGGAYRATLGDNALPRGTSSAAIREMLGHFSDANQKCPDAVLIAGGYSQGAALAAASVTDVDAGIREKIAGAVLFGYTKNLQNRGKIPSYPEDRTKVFCNTGDLVCTGSLIVAAPHLAYQSAASGAAPEFLIQKADAAGAAAAALEHHHHHH,1
PCL,MSVTTPRREASLLSRAVAVAAAAAATVALAAPAQAANPYERGPNPTESMLEARSGPFSVSEERASRLGADGFGGGTIYYPRENNTYGAIAISPGYTGTQSSIAWLGERIASHGFVVIAIDTNTTLDQPDSRARQLNAALDYMLTDASSSVRNRIDASRLAVMGHSMGGGGTLRLASQRPDLKAAIPLTPWHLNKSWRDITVPTLIIGADLDTIAPVSSHSEPFYNSIPSSTDKAYLELNNATHFAPNITNKTIGMYSVAWLKRFVDEDTRYTQFLCPGPRTGLLSDVDEYRSTCPF;MSVTTPRRETSLLSRALRATAAAATAVVATVALAAPAQAANPYERGPNPTESMLEARSGPFSVSEERASRFGADGFGGGTIYYPRENNTYGAIAISPGYTGTQSSIAWLGERIASHGFVVIAIDTNTTLDQPDSRARQLNAALDYMLTDASSAVRNRIDASRLAVMGHSMGGGGTLRLASQRPDLKAAIPLTPWHLNKSWRDITVPTLIIGAEYDTIASVTLHSKPFYNSIPSPTDKAYLELDGASHFAPNITNKTIGMYSVAWLKRFVDEDTRYTQFLCPGPRTGLLSDVEEYRSTCPF,1
PCL,MRGVWRYMPVYYYKCMLIPLLTFTKISIISKPQESRISLIICRTMPTVATFLGLAISGAAMASGAALGAYNVDPNSISVSGLSSGGFMSAQLGVAYSDTFKVGFGVFAGGPYDCARGQSYTTCMYNQNPSITTPVANMKSWSGNKINPVSNLQSRKIYMWTGTADTTVGPNVMSQLKTQLANFASAANVSYITTSGAAHTFPTDFDAAGDNSCSSSVSPYISNCQCDGAGAVLQWMYGPLNARNPGTLSGSIVSFSQTGEYGASGMDTTGYLYVPRACQPGSSTVCKLHVALHGCKQSYSMIGSKFVSNTGYNMWADTNDIIILYPQAVADNTMHTIWTGMPLPNPNGCWDWVGWYGANADQVGGVQMAAIVNQVARVVSGYGAGSSSSTTAATPTTTTGSITTTTTTTATVTTTAVAPLYGQCGGIGWTGPTACATGVCTAYSPYYAQCLLIV,1
PCL,MRIRRQAGTGARASMARAIGVMTTALAVLVGAVGGVAGAEVSTAQDNPYERGPDPTEDSIEAIRGPFSVATERVSSFASGFGGGTIYYPRETDEGTFGAVAVAPGFTASQGSMSWYGERVASQGFIVFTIDTNTRLDQPGQRGRQLLAALDYLVERSDRKVRERLDPNRLAVMGHSMGGGGSLEATVMRPSLKASIPLTPWNLDKTWGQVQVPTFIIGAELDTIASVRTHAKPFYESLPSSLPKAYMELDGATHFAPNIPNTTIAKYVISWLKRFVDEDTRYSQFLCPNPTDRAIEEYRSTCPY,1
PCL,MLAPRSLLFCLLLFALPNAFADSRCSERAKTLLLPAKVSCSYKTTWIDSGLIGARQVIYQAPLGTPPAGGWPVVLIYQGSFFPLNNFTYYSNQPFGGYYEGKLVRALLDSGYAVIAPSAPADLFWQTNIPGLAQAYELTTDYDFLGNVFDAIASGHFGPLNSQRKYATGISSGGYNTSRMAVSFPGQFKALAIQSGSYATCSGPLCVVPDQLPADHXPTYFLHGFVDLTVPWWSMDLYYDRLLQQGIETARYTEPLGGHEWFAASPGKVLAWFNAHP,1
PCL,SPVDLQDRQLTGGDELRDGPCKPITFIFARASTEPGLLGISTGPAVCNRLKLARSGDVACQGVGPRYTADLPSNALPEGTSQAAIAEAQGLFEQAVSKCPDTQIVAGGYSQGTAVMNGAIKRLSADVQDKIKGVVLFGYTRNAQERGQIANFPKDKVKVYCAVGDLVCLGTLIVAPPHFSYLSDTGDASDFLLSQLG,1
PCL,MLVSALALAVLSAASLGRAAPTPESAEAHELEARATSSACPQYVLINTRGTGEPQGQSAGFRTMNSQITAALSGGTIYNTVYTADFSQNSAAGTADIIRRINSGLAANPNVCYILQGYSQGAAATVVALQQLGTSGAAFAVKGVFLIGNPDHKSGLTCNVDSNGGTTTRNVNGLSVAYQGSVPSGWVSKTLDVCAYGDGVCDTAHGFGINAQHLSYPSDQGVQTMGYKFAVNKLGGSA,1
PCL,MLLKKRWLIFISFLLAFTLLIPTAASASEKHYKPNIALEPIENSEGNEHPIILVHGLGGFGRDELGGIIKMWGGIHDIEKKLREKGYKVYTAAVGPVSSNRDRAIELYYQIKGGTVDYGEAHAKKYGHDRYGRTYPGFYPEWGEINPKTGKPNKVHLIGHSMGGQTIRTLAQLLYEGDPEEHKTGGNDISPLLSGEKQPWLHSVLSISSPHDGSTATYLVNDVIPIIQELVIGAAIFAGNIDQNLYDFKLDHWGIKKRPGESFHSYVQRVRNSPGWKTKDTANWDLKPEGAYELNRWVKAQPDVYYFSVSNTQSRRSLLTGYYVPDLFMNPFLHPTAYYIGSKTFRKSNFVLDKTWWENDGLVSVKAMKGPNIGSNDVIVEYNGTPRKGVWNHLGTMRQFDHLDIIGWGVRDVTSWYEDVARFLYSLPDDY,1
PCL,METVKGVHLAIAALLFLCVLPGNADASEKQFDLVLVHGLTNKHRWSDSFLRALVNEWGSGNVYVIYTNQSMQVSKRTIDGKTITFIGKNDFSAGDDSVKDQAEIMAEKIEVLKRDHGLSPQFYIIAHSMGGLVSRQYIYDHPNTVAGLVTLGTPHHGSPLASDFDWLGFFIGAEAAMDNLRPEWVEDFNRRFPVENAPLYNGGKIYTIRGDSDGKIWEWGAMGELYVGWHILHKKHGTDSDGLVPHASAVIEGAVHLADFPNYHHLDLVTREEVAKKAAEVLR,1
PCL,MHESVHAESLWLTMDDGAEVYVRVWEPAARAAADSSDDAPAPPAAAGGPRAVLQLAHGMTEHSGRYDDFARFLAGRGFAVVGNDHRGHGHTGERADSMGYLADQDGFERLVDDLRAVHEWACRRWPGAPRFLMGHSMGSFLVRRYIQRYGDTVAGVIIMGTAGNPGLPGKIGRRLARLEMRRRGPRHPSMLLTSLVFGGYNKKIRSPKTAFDWLSRDAEAVKAYVADPWCGFVPSAGFYFDLLTGLLLIHDEREIARIPKDLPMLFLSGDADPVTGYGKGVERVIAQYERHGLRRMTSILYKDARHELLNELNKEEVYGDILKWLENTQAGILRNLSK,1
PCL,MKFFALTTLLAATASALPTSHPVQELEARQLGGGTTRNDLTNGNSASCADVIFIYARGSTETGNLGTLGPSIASKLESAFGRDGVWIQGVGGAYRATLGDNSLPRGTSSAAIREMLGLFQQANTKCPDATLIAGGYSQGAALGAASVEDLDSAIRDKIAGTVLFGYTKNLQNHGRIPNFPADRTKVFCNTGDLVCTGSLIIAAPHLTYGPDARGPAPEFLIEKVRAVRGSA;MKFFALTTLLAATDSALPTSHPVQELEARQLGGGTTRNDLTNGNSASCADVIFIYARGSTETGNLGTLGPSIASKLESAFGRDGVWIQGVGGAYRATLGDNSLPRGTSSAAIREMLGLFQQPNTKCPDATLIAGGYSQGAALAAASVEDLDSAIRDKIAGTVLFGYTKNLQNHGRIPNFPADRTKVFCNTGDLVCTGSLIIAAPHLTYGPDARGPAPEFLIEKVRAVRGSA,1
PCL,MQFKSTFAALVLAAAGLVQAAPLQERAGCSSYVIINTRGTSEPQGPSVGFRTMNTRIRSAVSGGSEYDTVYPAGIDQNSAQGTANIVAQVKAGLARNPNTCFLLEGYSQGAAATCNALPQLTGAAFDAVKGVILIGNPEHKPNLACNVDGNGGKTTFSARGISAAFTQGVPSNWVSKTLDICIYGDGVCDVSSGFGITPQHLTYGYNTNVQTMGANFGIKALQG,1
PCL,MDGVLWRVRTAALMAALLALAAWALVWASPSVEAQSNPYQRGPNPTRSALTADGPFSVATYTVSRLSVSGFGGGVIYYPTGTSLTFGGIAMSPGYTADASSLAWLGRRLASHGFVVLVINTNSRFDYPDSRASQLSAALNYLRTSSPSAVRARLDANRLAVAGHSMGGGGTLRIAEQNPSLKAAVPLTPWHTDKTFNTSVPVLIVGAEADTVAPVSQHAIPFYQNLPSTTPKVYVELDNASHFAPNSNNAAISVYTISWMKLWVDNDTRYRQFLCNVNDPALSDFRTNNRHCQ,1
PE,YGHFYTEHNRGHHVRVATPEDPASSRLGESFWAFLPRSVWFSAVSAWNLERERLRKLGLPALHWKNAVLGAWMYSVVLWGAMIAWLGAAVIPFLIIQGIYGFSLLEVVNYVEHYGLKRQKLPNGRY,1
PE,EHIRGHHVHVSTPEDASSSRFGQSLYAFLPHAYKHNFLNAWRLEAERLHRRGLPALHWRNELIWWYAISALLLLGFSLAFGWLGALFFLGQALMAFTLLEIVNYVEHY,1
PEA,MAFNFIRAAAAGAAMALCGVGSVHAAVNLPALKIDKTQTTVSGLSSGGFMAVQLHVAYSATFAKGAGVVAGGPFYCAEGSIVNATGRCMASPAGIPTSTLVSTTNTWASQGVIDPVANLQNSKVYLFSGTLDSVVKTGVMDALRTYYNSFVPAANVVYKKDIAAEHAMVTDDYGNACSTKGAPYISDCNFDLAGAMLQHLYGTLNARNNATLPTGNYIEFNQSEFITNHGMATTGWAYVPQACQAGGTATCKLHVVLHGCKQNIGDVQQQYVRNTGYNRWADTNNIVMLYPQTSTAATNSCWDWWGYDSANYSKKSGPQMAAIKAMVDRVSSGTGGTTPPDPVALPAPTGVSTSGATASSMAIGWAAVMGAASYNVYRNANKVNALPVTATSYTDTGLAASTTYSWTVRAADANGAEGATSAAASGTTLAASGGGTATCTTASNYAHTLAGRAYAAGGYTYALGSNQNMGLWNVFVTNTLKQTSTNYYVIGTCP,1
PEA,MTKQSLPQGMADQRLCRFFTAALCSLLMLLLWPTTVTAGQTFSYTSPQQAYSGSRERSYKVYVPTGLSTPAPMVMALHGCRQTNDDVLNDWGLKAAADRYGFILVAPFITSYDGLRNENCWGFWFEQHIHQGGGEVADLHRIAQQVEANFVIDANRRFITGLSSGGAMALVAAVAYNEYWAAAAPAAGLPYRETASSVSLSGQCPGSATFRSVSQVAADMRSEVNDAYPIPLMILQNRNDCTVLQTAANNMRDAHLQVFGSASRNTPATTKASDTGCSPYHQNDYGCRHIAYTQDGTTATRSLVETVIYDGPLATPNPQDTNHGHYWIGGAQGNNGKWSLQVGPSYPDIIWDFFSRHSRDGSQPQGHPVIVLQGDNPLSVPLGSTFNDPGASASDAEDGSLPVSADCSAVNPSVVGSYSCLYSATDSDGNRSTLTRTVEVYDPNAPVETCQVVSASPSAHIGAGRAYAGGTSNLRAYAKDDGVDIGGSFDTWSNVPLYEGEPGRWYAQRPAACGGSGQAFTCQEWNASNLSHVMAGRAYYGYYTVGGNQYLGSLSGLSTWVRETAQGHFQAGRCSN,1
PEA,MVRRLWRRIAGWLAACVAILCAFPLHAATAGPGAWSSQQTWAADSVNGGNLTGYFYWPASQPTTPNGKRALVLVLHGCVQTASGDVIDNANGAGFNWKSVADQYGAVILAPNATGNVYSNHCWDYANASPSRTAGHVGVLLDLVNRFVTNSQYAIDPNQVYVAGLSSGGGMTMVLGCIAPDIFAGIGINAGPPPGTTTAQIGYVPSGFTATTAANKCNAWAGSNAGKFSTQIAGAVWGTSDYTVAQAYGPMDAAAMRLVYGGNFTQGSQVSISGGGTNTPYTDSNGKVRTHEISVSGMAHAWPAGTGGDNTNYVDATHINYPVFVMDYWVKNNLRAGSGTGQAGSAPTGLAVTATTSTSVSLSWNAVANASSYGVYRNGSKVGSATATAYTDSGLIAGTTYSYTVTAVDPTAGESQPSAAVSATTKSAFTCTATTASNYAHVQAGRAHDSGGIAYANGSNQSMGLDNLFYTSTLAQTAAGYYIVGNCP,1
PEF,MNFPRASRLMQAAVLGGLMAVSAAATAQTNPYARGPNPTAASLEASAGPFTVRSFTVSRPSGYGAGTVYYPTNAGGTVGAIAIVPGYTARQSSIKWWGPRLASHGFVVITIDTNSTLDQPSSRSSQQMAALRQVASLNGTSSSPIYGKVDTARMGVMGWSMGGGGSLISAANNPSLKAAAPQAPWDSSTNFSSVTVPTLIFACENDSIAPVNSSALPIYDSMSRNAKQFLEINGGSHSCANSGNSNQALIGKKGVAWMKRFMDNDTRYSTFACENPNSTRVSDFRTANCS,1
PEG,MCLVTLYRCTPIWVRNRGMHKFDFVVVGAGSAGCTVASRLSENGKYQVALLEAGGSHNNPLISIPFNFAFTVPKGPHNWSFETVPQEGLNGRRGYQPRGKVLGGSSSINAMVYIRGAKEDYEHWAALGNEGWSYEEVLPFFKKAQNRVKGANEYHAQGGPLTVSPPRSPNPLNDMFIKAGMDCQLPYNEDFNGETQEGIGCYELTQDRGKRCSAALAYVTPAEKRKNLTIFKQAFVEKVLVENGQATGVMVKLNGNLQLIKARREVILSCGAFQSPQLLLLSGIGAKDKLDPHKIKVVHELPGVGENLYDHVDFCLMYQSDSEHVLGKNARSVFRVAWNQFKYFAGRRGILTTNFNESGAFYFTNPDERSPDIQLHFAFTLVDQHGLKRHGRGGFGCHVCVLRPKSHGNLTLADANPATPPLIDPAFLKDERDVATLLAGVKRAQQILQAPAFDEIRGKPVYATASNNDDELIEDIRNRADTIYHPVGTCKMGPDSDPMAVVDSSLRVRGIRNLRVIDASIMPSIVSGNTNAPTIMIGEKGAQMILDEAESYT,1
PEG,MCLVTLYRCTPIWVRNRGMHKFDFVVVGAGSAGCTVASRLSENGKYQVALLEAGGSHNNPLISIPFNFAFTVPKGPHNWSFETVPQEGLNGRRGYQPRGKVLGGSSSINAMVYIRGAKEDYEHWAALGNEGWSYEEVLPFFKKAQNRVKGANEYHAQGGPLTVSPPRSPNPLNDMFIKAGMDCQLPYNEDFNGETQEGIGCYELTQDRGKRCSAALAYVTPAEKRKNLTIFKQAFVEKVLVENGQATGVMVKLNGNLQLIKARREVILSCGAFQSPQLLLLSGIGAKDKLDPHKIKVVHELPGVGENLYDHVDFCLMYQSDSEHVLGKNARSVFRVAWNQFKYFAGRRGILTTNFNESGAFYFTNPDERSPDIQLHFAFTLVDQHGLKRHGRGGFGCHVCVLRPKSHGNLTLADANPATPPLIDPAFLKDERDVATLLAGVKRAQQILQAPAFDEIRGKPVYATASNNDDELIEDIRNRADTIYHPVGTCKMGPDSDPMAVVDSSLRVRGIRNLRVIDASIMPSIVSGNTNAPTIMIGEKGAQMILDEAESYT,1
PEG,MKEYPNLYIGGQWVSPHSDNMSTVINPSTEEVCAKIASGDKADVDAPVRAAREAFDSFWQSSRESRVKLLRDVVAGIQSRADEFAEAINQEMGAPLWWAQQAQVPAGIAHFATAADVLEKFKFVEAKGTTHLRREAIGVCGMITPWNWPLNQVACKIAAALAVGCTVVLKPAEQTPLDSILLAEVIDAAGAPPGVFNLVTGSGSVVGSALSDHPEVDMVSFTGSTRAGAMVAKAAADSIKRVSQELGGKSVNLVLPDADLQESVVRAVRSLMSNAGQTCSAGSRLLVPADRQEEAIAIAKQTAESIPVALSADADAPAIGPISTQRQYEQVKKLIGVGIDEGATLVTGGVESPSGATKGFFVKPTIFANVNNAMAIAQEEIFGPVLVIIAYEDVDQAVQIANDSPYGLSGYVQGPHEQAVEVASSIRTGQVFINNAHADFNAPFGGFKQSGNGREWGEVGFDEFLEY,1
PEG,MKEYPNLYIGGQWVSPHSDNMSTVINPSTEEVCAKIASGDKADVDAPVRAAREAFDSFWQSSRESRVKLLRDVVAGIQSRADEFAEAINQEMGAPLWWAQQAQVPAGIAHFATAADVLEKFKFVEAKGTTHLRREAIGVCGMITPWNWPLNQVACKIAAALAVGCTVVLKPAEQTPLDSILLAEVIDAAGAPPGVFNLVTGSGSVVGSALSDHPEVDMVSFTGSTRAGAMVAKAAADSIKRVSQELGGKSVNLVLPDADLQESVVRAVRSLMSNAGQTCSAGSRLLVPADRQEEAIAIAKQTAESIPVALSADADAPAIGPISTQRQYEQVKKLIGVGIDEGATLVTGGVESPSGATKGFFVKPTIFANVNNAMAIAQEEIFGPVLVIIAYEDVDQAVQIANDSPYGLSGYVQGPHEQAVEVASSIRTGQVFINNAHADFNAPFGGFKQSGNGREWGEVGFDEFLEY,1
PES,MRGVWRYMPVYYYKCMLIPLLTFTKISIISKPQESRISLIICRTMPTVATFLGLAISGAAMASGAALGAYNVDPNSISVSGLSSGGFMSAQLGVAYSDTFKVGFGVFAGGPYDCARGQSYTTCMYNQNPSITTPVANMKSWSGNKINPVSNLQSRKIYMWTGTADTTVGPNVMSQLKTQLANFASAANVSYITTSGAAHTFPTDFDAAGDNSCSSSVSPYISNCQCDGAGAVLQWMYGPLNARNPGTLSGSIVSFSQTGEYGASGMDTTGYLYVPRACQPGSSTVCKLHVALHGCKQSYSMIGSKFVSNTGYNMWADTNDIIILYPQAVADNTMHTIWTGMPLPNPNGCWDWVGWYGANADQVGGVQMAAIVNQVARVVSGYGAGSSSSTTAATPTTTTGSITTTTTTTATVTTTAVAPLYGQCGGIGWTGPTACATGVCTAYSPYYAQCLLIV,1
PES,MAFNFIRAAAAGAAMALCGVGSVHAAVNLPALKIDKTQTTVSGLSSGGFMAVQLHVAYSATFAKGAGVVAGGPFYCAEGSIVNATGRCMASPAGIPTSTLVSTTNTWASQGVIDPVANLQNSKVYLFSGTLDSVVKTGVMDALRTYYNSFVPAANVVYKKDIAAEHAMVTDDYGNACSTKGAPYISDCNFDLAGAMLQHLYGTLNARNNATLPTGNYIEFNQSEFITNHGMATTGWAYVPQACQAGGTATCKLHVVLHGCKQNIGDVQQQYVRNTGYNRWADTNNIVMLYPQTSTAATNSCWDWWGYDSANYSKKSGPQMAAIKAMVDRVSSGTGGTTPPDPVALPAPTGVSTSGATASSMAIGWAAVMGAASYNVYRNANKVNALPVTATSYTDTGLAASTTYSWTVRAADANGAEGATSAAASGTTLAASGGGTATCTTASNYAHTLAGRAYAAGGYTYALGSNQNMGLWNVFVTNTLKQTSTNYYVIGTCP,1
PES,MTKQSLPQGMADQRLCRFFTAALCSLLMLLLWPTTVTAGQTFSYTSPQQAYSGSRERSYKVYVPTGLSTPAPMVMALHGCRQTNDDVLNDWGLKAAADRYGFILVAPFITSYDGLRNENCWGFWFEQHIHQGGGEVADLHRIAQQVEANFVIDANRRFITGLSSGGAMALVAAVAYNEYWAAAAPAAGLPYRETASSVSLSGQCPGSATFRSVSQVAADMRSEVNDAYPIPLMILQNRNDCTVLQTAANNMRDAHLQVFGSASRNTPATTKASDTGCSPYHQNDYGCRHIAYTQDGTTATRSLVETVIYDGPLATPNPQDTNHGHYWIGGAQGNNGKWSLQVGPSYPDIIWDFFSRHSRDGSQPQGHPVIVLQGDNPLSVPLGSTFNDPGASASDAEDGSLPVSADCSAVNPSVVGSYSCLYSATDSDGNRSTLTRTVEVYDPNAPVETCQVVSASPSAHIGAGRAYAGGTSNLRAYAKDDGVDIGGSFDTWSNVPLYEGEPGRWYAQRPAACGGSGQAFTCQEWNASNLSHVMAGRAYYGYYTVGGNQYLGSLSGLSTWVRETAQGHFQAGRCSN,1
PES,MVRRLWRRIAGWLAACVAILCAFPLHAATAGPGAWSSQQTWAADSVNGGNLTGYFYWPASQPTTPNGKRALVLVLHGCVQTASGDVIDNANGAGFNWKSVADQYGAVILAPNATGNVYSNHCWDYANASPSRTAGHVGVLLDLVNRFVTNSQYAIDPNQVYVAGLSSGGGMTMVLGCIAPDIFAGIGINAGPPPGTTTAQIGYVPSGFTATTAANKCNAWAGSNAGKFSTQIAGAVWGTSDYTVAQAYGPMDAAAMRLVYGGNFTQGSQVSISGGGTNTPYTDSNGKVRTHEISVSGMAHAWPAGTGGDNTNYVDATHINYPVFVMDYWVKNNLRAGSGTGQAGSAPTGLAVTATTSTSVSLSWNAVANASSYGVYRNGSKVGSATATAYTDSGLIAGTTYSYTVTAVDPTAGESQPSAAVSATTKSAFTCTATTASNYAHVQAGRAHDSGGIAYANGSNQSMGLDNLFYTSTLAQTAAGYYIVGNCP,1
PES,MLLKKRWLIFISFLLAFTLLIPTAASASEKHYKPNIALEPIENSEGNEHPIILVHGLGGFGRDELGGIIKMWGGIHDIEKKLREKGYKVYTAAVGPVSSNRDRAIELYYQIKGGTVDYGEAHAKKYGHDRYGRTYPGFYPEWGEINPKTGKPNKVHLIGHSMGGQTIRTLAQLLYEGDPEEHKTGGNDISPLLSGEKQPWLHSVLSISSPHDGSTATYLVNDVIPIIQELVIGAAIFAGNIDQNLYDFKLDHWGIKKRPGESFHSYVQRVRNSPGWKTKDTANWDLKPEGAYELNRWVKAQPDVYYFSVSNTQSRRSLLTGYYVPDLFMNPFLHPTAYYIGSKTFRKSNFVLDKTWWENDGLVSVKAMKGPNIGSNDVIVEYNGTPRKGVWNHLGTMRQFDHLDIIGWGVRDVTSWYEDVARFLYSLPDDY,1
PES,METVKGVHLAIAALLFLCVLPGNADASEKQFDLVLVHGLTNKHRWSDSFLRALVNEWGSGNVYVIYTNQSMQVSKRTIDGKTITFIGKNDFSAGDDSVKDQAEIMAEKIEVLKRDHGLSPQFYIIAHSMGGLVSRQYIYDHPNTVAGLVTLGTPHHGSPLASDFDWLGFFIGAEAAMDNLRPEWVEDFNRRFPVENAPLYNGGKIYTIRGDSDGKIWEWGAMGELYVGWHILHKKHGTDSDGLVPHASAVIEGAVHLADFPNYHHLDLVTREEVAKKAAEVLR,1
PES,MHESVHAESLWLTMDDGAEVYVRVWEPAARAAADSSDDAPAPPAAAGGPRAVLQLAHGMTEHSGRYDDFARFLAGRGFAVVGNDHRGHGHTGERADSMGYLADQDGFERLVDDLRAVHEWACRRWPGAPRFLMGHSMGSFLVRRYIQRYGDTVAGVIIMGTAGNPGLPGKIGRRLARLEMRRRGPRHPSMLLTSLVFGGYNKKIRSPKTAFDWLSRDAEAVKAYVADPWCGFVPSAGFYFDLLTGLLLIHDEREIARIPKDLPMLFLSGDADPVTGYGKGVERVIAQYERHGLRRMTSILYKDARHELLNELNKEEVYGDILKWLENTQAGILRNLSK,1
PET,MPFNKKSVLALCGAGALLFSMSALANNPAPTDPGDSGGGSAYQRGPDPSVSFLEADRGQYSVRSSRVSSLVSGFGGGTIYYPTGTTGTMGAVVVIPGFVSAESSIDWWGPKLASYGFVVMTIDTNTGFDQPPSRARQINNALDYLVSQNSRSSSPVRGMIDTNRLGVIGWSMGGGGTLRVASEGRIKAAIPLAPWDTTSYYASRSQAPTLIFACESDVIAPVLQHASPFYNSLPSSIDKAFVEINGGSHYCGNGGSIYNDVLSRFGVSWMKLHLDEDSRYKQFLCGPNHTSDSQISDYRGNCPY,1
PET,MNKSILKKLSFGTSVLLVSMNALSWTPSPTPNPDPIPDPTPCQDDCDFTRGPNPTPSSLEASTGPYSVATRSVASSVSGFGGGTLHYPTNTTGTMGAIAVVPGFLLQESSIDFWGPKLASHGFVVITISANSGFDQPASRATQLGRALDYVINQSNGSNSPISGMVDTTRLGVVGWSMGGGGALQLASGDRLSAAIPIAPWNQGGNRFDQIETPTLVIACENDVVASVNSHASPFYNRIPSTTDKAYLEINGGSHFCANDGGSIGGLLGKYGVSWMKRFIDNDLRYDAFLCGPDHAANRSVSEYRDTCNY,1
PET,MPPDCVLPRRLAAAALLASATLVPLSAAAQTNPYQRGPDPTTRDLEDSRGPFRYASTNVRSPSGYGAGTIYYPTDVSGSVGAVAVVPGYLARQSSIRWWGPRLASHGFVVITLDTRSTSDQPASRSAQQMAALRQVVALSETRSSPIYGKVDPNRLAVMGWSMGGGGTLISARDNPSLKAAVPFAPWHNTANFSGVQVPTLVIACENDTVAPISRHASSFYNSFSSSLAKAYLEINNGSHTCANTGNSNQALIGKYGVAWIKRFVDNDTRYSPFLCGAPHQADLRSSRLSEYRESCPY,1
PET,MPPDCVLPRRLAAAALLASATLVPLSAAAQTNPYQRGPDPTTRDLEDSRGPFRYASTNVRSPSGYGAGTIYYPTDVSGSVGAVAVVPGYLARQSSIRWWGPRLASHGFVVITLDTRSTSDQPASRSAQQMAALRQVVALSETRSSPIYGKVDPNRLAVMGWSMGGGGTLISARDNPSLKAAVPFAPWHNTANFSGVQVPTLVIACENDTVAPISRHASSFYNSFSSSLAKAYLEINNGSHTCANTGNSNQALIGKYGVAWIKRFVDNDTRYSPFLCGAPHQADLRSSRLSEYRESCPY,1
PET,MANPYERGPNPTDALLEASSGPFSVSEENVSRLSASGFGGGTIYYPRENNTYGAVAISPGYTGTEASIAWLGGRIASHGFVVITIDTITTLDQPDSRAEQLNAALNHMINRASSTVRSRIDSSRLAVMGHSMGGGGTPRLASQRPDLKAAIPLTPWHLNKNRSSVTVPTLIIGADLDTIAPVATHAKPFYNSLPSSISKAYLELDGATHFAPNIPNKIIGKYSVAWLKRFVDNDTRYTQFLCPGPRDGLFGEVEEYCSTCPF,1
PET,ANPYERGPNPTDALLEARSGPFSVSEENVSRLSASGFGGGTIYYPRENNTYGAVAISPGYTGTEASIAWLGERIASHGFVVITIDTITTLDQPDSRAEQLNAALNHMINRASSTVRSRIDSSRLAVMGHSMGGGGSLRLASQRPDLKAAIPLTPWHLNKNWSSVTVPTLIIGADLDTIAPVATHAKPFYNSLPSSISKAYLELDGATHFAPNIPNKIIGKYSVAWLKRFVDNDTRYTQFLCPGPRDGLFGEVEEYRSTCPF,1
PET,MANPYERGPNPTNSSIEALRGPFRVDEERVSRLQARGFGGGTIYYPTDNNTFGAVAISPGYTGTQSSISWLGERLASHGFVVMTIDTNTTLDQPDSRASQLDAALDYMVEDSSYSVRNRIDSSRLAAMGHSMGGGGTLRLAERRPDLQAAIPLTPWHTDKTWGSVRVPTLIIGAENDTIASVRSHSEPFYNSLPGSLDKAYLELDGASHFAPNLSNTTIAKYSISWLKRFVDDDTRYTQFLCPGPSTGWGSDVEEYRSTCPF,1
PET,MSLRKSFGLLSATAALVAGLVAAPPAQAAANPYQRGPDPTESLLRAARGPFAVSEQSVSRLSVSGFGGGRIYYPTTTSQGTFGAIAISPGFTASWSSLAWLGPRLASHGFVVIGIETNTRLDQPDSRGRQLLAALDYLTQRSSVRNRVDASRLAVAGHSMGGGGTLEAAKSRTSLKAAIPIAPWNLDKTWPEVRTPTLIIGGELDSIAPVATHSIPFYNSLTNAREKAYLELNNASHFFPQFSNDTMAKFMISWMKRFIDDDTRYDQFLCPPPRAIGDISDYRDTCPHT,1
PET,MPITARNTLASLLLASSALLLSGTAFAANPPGGDPDPGCQTDCNYQRGPDPTDAYLEAASGPYTVSTIRVSSLVPGFGGGTIHYPTNAGGGKMAGIVVIPGYLSFESSIEWWGPRLASHGFVVMTIDTNTIYDQPSQRRDQIEAALQYLVNQSNSSSSPISGMVDSSRLAAVGWSMGGGGTLQLAADGGIKAAIALAPWNSSINDFNRIQVPTLIFACQLDAIAPVALHASPFYNRIPNTTPKAFFEMTGGDHWCANGGNIYSALLGKYGVSWMKLHLDQDTRYAPFLCGPNHAAQTLISEYRGNCPY,1
PET,MMNVLTKCKLALGIIAIFFSLPSFAVPCSDCSNGFERGQVPRVDQLESSRGPYSVKTINVSRLARGFGGGTIHYSTESGGQQGIIAVVPGYVSLEGSIKWWGPRLASWGFTVITIDTNTIYDQPDSRASQLSAAIDYVIDKGNDRSSPIYGLVDPNRVGVIGWSMGGGGSLKLATDRKIDAVIPQAPWYLGLSRFSSITSPTMIIACQADVVAPVSVHASRFYNQIPGTTPKAYFEIALGSHFCANTGYPSEDILGRNGVAWMKRFIDKDERYTQFLCGQNFDSSLRVSEYRDNCSYY,1
PET,MLPAGQDAAALEARQLGGSITRNDLANGNSGSCPGVIFIYARGSTESGNLGTLGPRVASKLEAKYGKNGVWIQGVGGAYRATLGDNALPRGTSSAAIREMLGHFSDANQKCPDAVLIAGGYSQGAALAAASVTDVDAGIREKIAGAVLFGYTKNLQNRGKIPSYPEDRTKVFCNTGDLVCTGSLIVAAPHLAYQSAASGAAPEFLIQKADAAGAAAAALEHHHHHH,1
PET,MANPYERGPNPTDALLEASSGPFSVSEENVSRLSASGFGGGTIYYPRENNTYGAVAISPGYTGTEASIAWLGERIASHGFVVITIDTITTLDQPDSRAEQLNAALNHMINRASSTVRSRIDSSRLAVMGHSMGGGGTLRLASQRPDLKAAIPLTPWHLNKNWSSVTVPTLIIGADLDTIAPVATHAKPFYNSLPSSISKAYLELDGATHFAPNPNKIIGKYSVAWLKRFVDNDTRYTQFLCPGPRDGLFGEVEEYRSTCPF,1
PET,MANPYERGPNPTDALLEARSGPFSVSEERASRFGADGFGGGTIYYPRENNTYGAVASPGYTGTQASVAWLGERIASHGFVVITIDTNTTLDQPDSRARQLNAALDYMINDASSAVRSRIDSSRLAVMGHSMGGGGTLRLASQRPDLKAAIPLTPWHLNKNWSSVRVPTLIIGADLDTIAPVLTHARPFYNSLPTSISKAYLELDGATHFAPNIPNKIIGKYSVAWLKRFVDNDTRYTQFLCPGPRDGLFGEVEEYRSTCPF,1
PET,MANPYERGPNPTDALLEARSGPFSVSEENVSRLSASGFGGGTIYYPRENNTYGAVAISPGYTGTEASIAWLGERIASHGFVVITIDTITTLDQPDSRAEQLNAALNHMINRASSTVRSRIDSSRLAVMGHSMGGGGSLRLASQRPDLKAAIPLTPWHLNKNWSSVRVPTLIIGADLDTIAPVLTHARPFYNSLPTSISKAYLELDGATHFAPNIPNKIIGKYSVAWLKRFVDNDTRYTQFLCPGPRDGLFGEVEEYRSTCPF,1
PET,MRIRRQAGTGARASMARAIGVMTTALAVLVGAVGGVAGAEVSTAQDNPYERGPDPTEDSIEAIRGPFSVATERVSSFASGFGGGTIYYPRETDEGTFGAVAVAPGFTASQGSMSWYGERVASQGFIVFTIDTNTRLDQPGQRGRQLLAALDYLVERSDRKVRERLDPNRLAVMGHSMGGGGSLEATVMRPSLKASIPLTPWNLDKTWGQVQVPTFIIGAELDTIASVRTHAKPFYESLPSSLPKAYMELDGATHFAPNIPNTTIAKYVISWLKRFVDEDTRYSQFLCPNPTDRAIEEYRSTCPY,1
PET,MRIRRQAGTGARASMARAIGVMTTALAVLVGAVGGVAGAEVSTAQDNPYERGPDPTEDSIEAIRGPFSVATERVSSFASGFGGGTIYYPRETDEGTFGAVAVAPGFTASQGSMSWYGERVASQGFIVFTIDTNTRLDQPGQRGRQLLAALDYLVERSDRKVRERLDPNRLAVMGHSMGGGGSLEATVMRPSLKASIPLTPWNLDKTWGQVQVPTFIIGAELDTIASVRTHAKPFYESLPSSLPKAYMELDGATHFAPNIPNTTIAKYVISWLKRFVDEDTRYSQFLCPNPTDRAIEEYRSTCPY,1
PET,MRGVWRYMPVYYYKCMLIPLLTFTKISIISKPQESRISLIICRTMPTVATFLGLAISGAAMASGAALGAYNVDPNSISVSGLSSGGFMSAQLGVAYSDTFKVGFGVFAGGPYDCARGQSYTTCMYNQNPSITTPVANMKSWSGNKINPVSNLQSRKIYMWTGTADTTVGPNVMSQLKTQLANFASAANVSYITTSGAAHTFPTDFDAAGDNSCSSSVSPYISNCQCDGAGAVLQWMYGPLNARNPGTLSGSIVSFSQTGEYGASGMDTTGYLYVPRACQPGSSTVCKLHVALHGCKQSYSMIGSKFVSNTGYNMWADTNDIIILYPQAVADNTMHTIWTGMPLPNPNGCWDWVGWYGANADQVGGVQMAAIVNQVARVVSGYGAGSSSSTTAATPTTTTGSITTTTTTTATVTTTAVAPLYGQCGGIGWTGPTACATGVCTAYSPYYAQCLLIV,1
PET,MDGVLWRVRTAALMAALLALAAWALVWASPSVEAQSNPYQRGPNPTRSALTADGPFSVATYTVSRLSVSGFGGGVIYYPTGTSLTFGGIAMSPGYTADASSLAWLGRRLASHGFVVLVINTNSRFDYPDSRASQLSAALNYLRTSSPSAVRARLDANRLAVAGHSMGGGGTLRIAEQNPSLKAAVPLTPWHTDKTFNTSVPVLIVGAEADTVAPVSQHAIPFYQNLPSTTPKVYVELDNASHFAPNSNNAAISVYTISWMKLWVDNDTRYRQFLCNVNDPALSDFRTNNRHCQ,1
PET,MNFPRASRLMQAAVLGGLMAVSAAATAQTNPYARGPNPTAASLEASAGPFTVRSFTVSRPSGYGAGTVYYPTNAGGTVGAIAIVPGYTARQSSIKWWGPRLASHGFVVITIDTNSTLDQPSSRSSQQMAALRQVASLNGTSSSPIYGKVDTARMGVMGWSMGGGGSLISAANNPSLKAAAPQAPWDSSTNFSSVTVPTLIFACENDSIAPVNSSALPIYDSMSRNAKQFLEINGGSHSCANSGNSNQALIGKKGVAWMKRFMDNDTRYSTFACENPNSTRVSDFRTANCS,1
PET,MQTTVTTMLLASVALAACAGGGSTPLPLPQQQPPQQEPPPPPVPLASRAACEALKDGNGDMVWPNAATVVEVAAWRDAAPATASAAALPEHCEVSGAIAKRTGIDGYPYEIKFRLRMPAEWNGRFFMEGGSGTNGSLSAATGSIGGGQIASALSRNFATIATDGGHDNAVNDNPDALGTVAFGLDPQARLDMGYNSYDQVTQAGKAAVARFYGRAADKSYFIGCSEGGREGMMLSQRFPSHYDGIVAGAPGYQLPKAGISGAWTTQSLAPAAVGLDAQGVPLINKSFSDADLHLLSQAILGTCDALDGLADGIVDNYRACQAAFDPATAANPANGQALQCVGAKTADCLSPVQVTAIKRAMAGPVNSAGTPLYNRWAWDAGMSGLSGTTYNQGWRSWWLGSFNSSANNAQRVSGFSARSWLVDFATPPEPMPMTQVAARMMKFDFDIDPLKIWATSGQFTQSSMDWHGATSTDLAAFRDRGGKMILYHGMSDAAFSALDTADYYERLGAAMPGAAGFARLFLVPGMNHCSGGPGTDRFDMLTPLVAWVERGEAPDQISAWSGTPGYFGVAARTRPLCPYPQIARYKGSGDINTEANFACAAPP,1
PHA,MLAPRSLLFCLLLFALPNAFADSRCSERAKTLLLPAKVSCSYKTTWIDSGLIGARQVIYQAPLGTPPAGGWPVVLIYQGSFFPLNNFTYYSNQPFGGYYEGKLVRALLDSGYAVIAPSAPADLFWQTNIPGLAQAYELTTDYDFLGNVFDAIASGHFGPLNSQRKYATGISSGGYNTSRMAVSFPGQFKALAIQSGSYATCSGPLCVVPDQLPADHXPTYFLHGFVDLTVPWWSMDLYYDRLLQQGIETARYTEPLGGHEWFAASPGKVLAWFNAHP,1
PHA,MKKLLAGVFGVVAMSLSAQAAKKASNCEVTGLVDRMTCPYLEKLVSGPHLTRHVKYSLPKGKTPKAGWPTVILYQGSLFPVEFSRSSLMIAGGYNEIRLIQTLLDSGFAVIAPPAIEGVAWMTNIVGIDYDTSEDFYFVEELLVAMGNGEFGKLNMDRLYATGISSGGYHSSRMAVAFPGVFKALAVHSASYADCGGPMCFVPAQVPENHPPTIFLHGRLDPVVPVRTMYPYHETLKNQGVETEMFVSPWARHEWLEEAPELITNWFINHK,1
PHB,MTKSFAADWHAQIRRLSRAQARTEAQVKSWLDRVDSLNPLTPARPDRPPGKVRPARPAPAPGSLPGTWQAHRLRLAPLPGELVPQLSYHLYIPSKAHRGPLPVVVVLHGCRQTPDDLSAGTRMNALAEREGFIVAYPQQPLRRQVQRCWQWFDLGAAEGGREAQAVAALIDALAARHDVREREIYLAGMSAGAAMAAVVALRYPGKVAAAALHSGVVIGAADNPRAGLRAMQQGSAADPSWLLDAAGVTPGGPEMPALVIHGLADDAVHPVNGRLLARQFLAYNGLEDRLAGAPAQSGPEDEAPGRSHEYRFGRWRRDLVTLVEVEGLGHAWSGGDASYGYHSDIGPDASTMMWQFFSQHRR,1
PHB,MSQETFFAQQEDCFSSFHNYVQHIGKLQKLQSDNLQDGIRRRQEKSLQKLTACATRQIGPGDWLDYLSDFNQRTLLFWDTLRRRADGTLEHRRAGYPALLKFNYELLLDGRDLPAPVNYSLLHILPGPSQTTDPSLPPVIVIDPRGGHGAGIGGFKEDSEIGESLRAGHPTYFISFSHSSEPGQTLSDIALAEARFIELVSERHAHAGKPVLIGNCQAGWALMGLAALRPELPGLLIVVGAPLSYWAGVNGRNPMRYAGGLLGGAWMTRLGSDLGNGRFDGTWLVNNFENLDPAHALWGKYYDLFSSVDSEAQRFLDFERWWGSPNLFNSEEIETIVDELFIGNRLTGGQNTLTDLRKIEAPVVVFCSYGDNITPPQQALNWIADLYPSDLALHSSGRTIIYLKHASAGHLGIFVSGQVARREHRQLIGAIDAIKALPPGLFELIIDEVPHPDGGAQSYQVHFESRRIADILAEDDGHDDEREFELVDRVSAISSTFYDWTVRPWLSRAINEPVAEQLREHHPFHLQRQLWSSLNPATWWLSGTAELARRRRNPVRPDNPLLAWQEFFSDSVENTLDTWRDLRDASQELAFHTLYGWFSTLAGGQRTSAAEKFASERERTLLERLYAALPQGGAREAAIRILLLLARASGRLDKAMLEGIVKDYRRRAYADPHIPDVATLREITRQQNLLVFAYPEESLQTLPELLPDTSVRQRILAEVLNIEPGWQRSDGPLGALWRQLFEVLELPTAEFALLRLESPATAEQPAEVDAAATPESTPPTAEPKIRPAAETAAVPAKRQEVLIEPVPTAVPEPTETAAAPKAAAPEPIAAPAEPAGQAPAETSPAEAAPKPHIRVRANTVISEPLETLPSAEAAPADSGKPPAKAAATKRTTAQRTVKPRRPRKPGGTQPSDNT,1
PHB,MQPPPFRGILTPLFPLSSSPPVGSLSRPGRRGVLTRLVAVVALVLGAALLGPAPTAHAAAGLAKPGLTKADLTEVADFGTNPGRLNMYVYRPASLPAEPAVVFALHGCTQDAQGYADNSGLLSFADRYGFLLVFAETTSSNNANRCFNWFQSSDNRRGQGEAASIRQMAAHTVSAYGADPQRTYITGLSAGGAMTSVMLATYPDVFQAGAVVAGLPFGCATDVSSAYLCMNPGTDLTADQWARRVRDGYPSWSGPWPRVAIWHGDKDTTVAPRNADELRDQWTAVHGVSQTPDRTSVIGPNSTRHEEYLAADGSVAVEVNRVPGIGHGTPVDPGTGAQQCGSTGAAYFLDSICSSYWITQFFGLSGSASDPGSLPAPSGLAATGATDTTISLTWKPVDGATDYAVHRDGAQITTSATTSYTDTGLRAGTSHTYAVAARDADGKAGPLSGAVTAQTTGATAVCWTAGNYAHVQAGRATTSAGYTYAKGSGQNMGLYNTFVTTTLKESPTGYFTVANDTCP,1
PHB,MLAKQIKKANSRSTLLRKSLLFAAPIILAVSSSSVYALTQVSNFGTNPGNLQMFKHVPSGMPANAPLVVALHGCTQTAAAYEASGWSALGNTHKFYVVYPQQQSGNNSNKCFNWFEPGDITRGQGEALSIKQMVDNMKANHSIDPSRVYVTGLSAGAFMTTVMAATYPDVFAGAAPIAGGPYKCATSMTSAFTCMSPGVDKTPAAWGDLARGGYSGYNGPKPKISIWHGSSDYTVAPANQNETVEQFTNYHGIDQTPDVSDTVGGFPHKVYKSANGTPLVETYTITGMGHGTPVDPGTGANQCGTAGAYILDVNVCSSYYIGQFFGIIGGGGTTTTTTSGNVTTTTAATTTTTTATQGYTQTTSATVTNHYVAGRINVTQYNVLGARYGYVTTIPLYYCPSLSGWTDKANCSPI;MMSSQTTQSSKFSLFLKRGLLLAAAPLLAMSASSALAATQVTGFGSNPGNLLMYKHVPSSMPANAPLVIAMHGCTQSASAYEATGWTQLANTYKFYVVYPEQQSSNNQNKCFNWFEPGDIARGQGEALSIKQMVDKMKADHSIDTNRVYVTGLSAGGYMVNVMLATYPDVFAGGAPFSGGPYNCATSMTNAFTCMSPGVDKTPAAWGDLARGGYSGYTGRKPIVSIWHGDADYTVKQSNQVEEVEQWTNYHGIDQTADVSDTVAGFPHKVYKDASGNALVETYTITGMGHGTPVDPGTGSLQCGTAGAYILDVNICSSYYVAKFWGLIGGSGTTTTTSAGTTTTTSAGTTTTKASTTTTKVSTTTTASTTTTTAGACYNSSNYAHVTAGRAHDTGGYAYTNGSNQKMGLNNTFYTSKLRKTGTNYYVIDTTCP;MQLKKSLRVTIAVLLGAGVSASAFALTPGSGTWVKESATYGTPNLQDAYLYVPKNPAPQVLGGKRALMLSLHGCGQTASTSVIDKRFNWEETAEKYGMVVVAPTVPTGTSSTRAASGCWDWFGTAHNRTTRDVVPLIKLIDAVKARTNLDIDPNQIYVSGLSAGAGETHVLGCSFPDYFAGVAPNASPSLGSAAGDISVPPKRTPQQVADMCRAINGNQFNAHLDTQIFATVYGDKDYLVLPAHNEVNRDGMKIAYDATVSAGTASVDGGGTASLFKDSRGRLRISSMVVAGMSHAWPSGPGAAPYIAWVDSTRVNYPAYVTQFFFENNLRVNKWKITCSVNVPNASSATVSASATAAAGATVASYRVALQGKTAINDNAAGSGTSLNKSYNLGNGIYAGTVTAVDSKGVESEACQLSSFQVGQLDPLYPPSDIQATGISSSSIKLNWSAVSSATAYDVRRNGGAPVRVTATQYTDTGLAPDTSYSYTVTSVNDNMTSGQSGQIIGKTQPVTYTEKVTATVTGHYSAGRINVNQYLQLGAKYGYNASLTLYKCEGVWTNSSSCGPLQ;MNKYLKNLCFAAATVTLMASAPSAFALSEVTGFGTNPGALKMFKHVPTSMPTNAPLIVAMHGCTQSASAYEGSGWSALANNYKFYVVYPEQQSGNNSNKCFNWFESGDIARGQGEALSIKQMVDKMKADYSIDANRVYVTGLSAGAFMTAVMAATYPDVFAGAAPIAGGPYKCATSMIDAFSCMSPGTDKTPAAWGDLARGGYSGYNGRKPKISVWQGSSDTTVKPMNMDELMQQWTNYHGIDQTADVSETVKGFPHKVYKDASGNALVETWSITGMAHGTPVDPGTGAEQCGTSGSYILDVNICSSYHIAQFFGLTGAGTTTTTTVGSTSTTTGYTSTSSAPVTTTTSVASTTTTTVAAGACYNASNYAHVTAGRAVNSMGYAKAKGSNQNMGLYNTFTTSKLREAPAGYFTIDSTCP;MRNTLKAAFKLGVISAALLAPFATQAATAGPGAWSSQQTWAADSVNGGNLTGFYYWPATQPVHANGKRALVLVLHGCAQTASGDVINNGDNGYNWKAAADQYGAVILAPNATGNVSSQHCWDYSRTSHSRSTGHEYVLLDLINRFKNDPQYEIDPNQVYVTGLSSGGGETIVLGCIAPDVFAGWASNAGPTPGTTTLQIGAVPSGYTATNAKNNCLSLAGSNSSYFSTQIAGVVWGTSDFTVAPGYNPLMMDAMRQIYGGTFTKQASTSVATGGTNTTYKDSSGRVRTHELSVSGMSHAWPAGTGGQNTNYVTSQYVNYPLFVMDYFFTNNSRAGSGGGTTTTTAGGTTTTTAAGTTTTAATTTTTASSTTTTVAATCYTSSNYAHVTAGRAHNSSGYALANGSNQNMGLNNTFYTSTLKQTSPGYYVIGTCP,1
PHB,MRGVWRYMPVYYYKCMLIPLLTFTKISIISKPQESRISLIICRTMPTVATFLGLAISGAAMASGAALGAYNVDPNSISVSGLSSGGFMSAQLGVAYSDTFKVGFGVFAGGPYDCARGQSYTTCMYNQNPSITTPVANMKSWSGNKINPVSNLQSRKIYMWTGTADTTVGPNVMSQLKTQLANFASAANVSYITTSGAAHTFPTDFDAAGDNSCSSSVSPYISNCQCDGAGAVLQWMYGPLNARNPGTLSGSIVSFSQTGEYGASGMDTTGYLYVPRACQPGSSTVCKLHVALHGCKQSYSMIGSKFVSNTGYNMWADTNDIIILYPQAVADNTMHTIWTGMPLPNPNGCWDWVGWYGANADQVGGVQMAAIVNQVARVVSGYGAGSSSSTTAATPTTTTGSITTTTTTTATVTTTAVAPLYGQCGGIGWTGPTACATGVCTAYSPYYAQCLLIV,1
PHB,MSVLHGMFGFLSPEGPSSPSDGVGSLEQVAEREAHQGPGPGDAPMLVARGDHMTTPAQPSPFHRVLGHRLLGGPFDRRGATVLSDDAARGPDPGILDHVRPGGRVACVAEPESVGRQPAAVRQAAQRMAVRTPAMLAPRSGRAGGDGTVLMFGGTVDEAGHSDQGWWLRTKPKPNLAHRTVRGNPQRWPARGNSSIAGYDESRVHRRLGTLCGTRSPLLQAGGAGGSILPLVPVRHCLYAVRQIGAIGHGKGNSAAEFGLKTTVVDGETVAITERIALRKPFCNLLHFAKPEGTPAQPRVLLVAPMSGHHATLLRGTVAALLADHDVFVTDWIDARLVPLACGRFDLDDYIDTVVTELIRFLGPQTHVIAVCQPAVPVLAAVSLMAAGDEAVQPRSMTLMGGPIDPMANPTVPVKLAATHPLSWFERNVITTVPAYYPGGFRQVYPGFIQLSGFMSMNLDRHIGEHVGLFRHLVRGDGDSAVQHRRFYDEYLSVMDLSAEFYLQTIETVFHKHSLANGTMESRGRKVEPAAIRRTAVMTVEGELDDISAPGQTESAHRLCASLPDDMRARHFQKGVGHYGIFNGRRWRESIMPAVREFIRKHD,1
PHB,MAFNFIRAAAAGAAMALCGVGSVHAAVNLPALKIDKTQTTVSGLSSGGFMAVQLHVAYSATFAKGAGVVAGGPFYCAEGSIVNATGRCMASPAGIPTSTLVSTTNTWASQGVIDPVANLQNSKVYLFSGTLDSVVKTGVMDALRTYYNSFVPAANVVYKKDIAAEHAMVTDDYGNACSTKGAPYISDCNFDLAGAMLQHLYGTLNARNNATLPTGNYIEFNQSEFITNHGMATTGWAYVPQACQAGGTATCKLHVVLHGCKQNIGDVQQQYVRNTGYNRWADTNNIVMLYPQTSTAATNSCWDWWGYDSANYSKKSGPQMAAIKAMVDRVSSGTGGTTPPDPVALPAPTGVSTSGATASSMAIGWAAVMGAASYNVYRNANKVNALPVTATSYTDTGLAASTTYSWTVRAADANGAEGATSAAASGTTLAASGGGTATCTTASNYAHTLAGRAYAAGGYTYALGSNQNMGLWNVFVTNTLKQTSTNYYVIGTCP,1
PHB,MAFNFIRAAAAGAAMALCGVGSVHAAVNLPALKIDKTQTTVSGLSSGGFMAVQLHVAYSATFAKGAGVVAGGPFYCAEGSIVNATGRCMASPAGIPTSTLVSTTNTWASQGVIDPVANLQNSKVYLFSGTLDSVVKTGVMDALRTYYNSFVPAANVVYKKDIAAEHAMVTDDYGNACSTKGAPYISDCNFDLAGAMLQHLYGTLNARNNATLPTGNYIEFNQSEFITNHGMATTGWAYVPQACQAGGTATCKLHVVLHGCKQNIGDVQQQYVRNTGYNRWADTNNIVMLYPQTSTAATNSCWDWWGYDSANYSKKSGPQMAAIKAMVDRVSSGTGGTTPPDPVALPAPTGVSTSGATASSMAIGWAAVMGAASYNVYRNANKVNALPVTATSYTDTGLAASTTYSWTVRAADANGAEGATSAAASGTTLAASGGGTATCTTASNYAHTLAGRAYAAGGYTYALGSNQNMGLWNVFVTNTLKQTSTNYYVIGTCP,1
PHB,MAFNFIRAAAAGAAMALCGVGSVHAAVNLPALKIDKTQTTVSGLSSGGFMAVQLHVAYSATFAKGAGVVAGGPFYCAEGSIVNATGRCMASPAGIPTSTLVSTTNTWASQGVIDPVANLQNSKVYLFSGTLDSVVKTGVMDALRTYYNSFVPAANVVYKKDIAAEHAMVTDDYGNACSTKGAPYISDCNFDLAGAMLQHLYGTLNARNNATLPTGNYIEFNQSEFITNHGMATTGWAYVPQACQAGGTATCKLHVVLHGCKQNIGDVQQQYVRNTGYNRWADTNNIVMLYPQTSTAATNSCWDWWGYDSANYSKKSGPQMAAIKAMVDRVSSGTGGTTPPDPVALPAPTGVSTSGATASSMAIGWAAVMGAASYNVYRNANKVNALPVTATSYTDTGLAASTTYSWTVRAADANGAEGATSAAASGTTLAASGGGTATCTTASNYAHTLAGRAYAAGGYTYALGSNQNMGLWNVFVTNTLKQTSTNYYVIGTCP,1
PHB,MRVQSWRSGVAALALWGGVNLAAGAAVPLGQYNIATDQISVSGLSSGGFMANQLGNAYSASFMGVGIFAAGPYMCAGLNNYTACMYNASISSAQLNAMQSSIDSYSSAASIDAKSRIAAQKIYIFTGTSDYTVGPNLTDALQTQYLNNGVPQGNIAYVKRSGAAHVLPTDFDSSGNNACSSSASPYISNCGYDGAKAALTHFYGALNPRNDAPATGNYIEFNQASYTNANPGMASTGWLYVPQSCASGTQCRLHVVLHGCQQSTDKIGDKFVRNTGFSRWADTNNIIVLYPQTQVDNNNRSTSKSGSLANPNACWDWIGWYGNNFAQKSGVQMTAIKAMIDRIASGAGSGTGGGNGGGTPTQPALAAPTGLGASAATSTSMQLDWAPVTSAAGYNVYRNGNKANALTVYATSYVDAALNPATSYSWTVRAVDGNGAESADSAAVSASTLTGSNPAGTCTTASNYAHVQANRAYQQGGYAYANGSGQNMGLWNVFYTTTLKQTGSNYYVIGTCP,1
PHB,MTKQSLPQGMADQRLCRFFTAALCSLLMLLLWPTTVTAGQTFSYTSPQQAYSGSRERSYKVYVPTGLSTPAPMVMALHGCRQTNDDVLNDWGLKAAADRYGFILVAPFITSYDGLRNENCWGFWFEQHIHQGGGEVADLHRIAQQVEANFVIDANRRFITGLSSGGAMALVAAVAYNEYWAAAAPAAGLPYRETASSVSLSGQCPGSATFRSVSQVAADMRSEVNDAYPIPLMILQNRNDCTVLQTAANNMRDAHLQVFGSASRNTPATTKASDTGCSPYHQNDYGCRHIAYTQDGTTATRSLVETVIYDGPLATPNPQDTNHGHYWIGGAQGNNGKWSLQVGPSYPDIIWDFFSRHSRDGSQPQGHPVIVLQGDNPLSVPLGSTFNDPGASASDAEDGSLPVSADCSAVNPSVVGSYSCLYSATDSDGNRSTLTRTVEVYDPNAPVETCQVVSASPSAHIGAGRAYAGGTSNLRAYAKDDGVDIGGSFDTWSNVPLYEGEPGRWYAQRPAACGGSGQAFTCQEWNASNLSHVMAGRAYYGYYTVGGNQYLGSLSGLSTWVRETAQGHFQAGRCSN,1
PHB,MVRRLWRRIAGWLAACVAILCAFPLHAATAGPGAWSSQQTWAADSVNGGNLTGYFYWPASQPTTPNGKRALVLVLHGCVQTASGDVIDNANGAGFNWKSVADQYGAVILAPNATGNVYSNHCWDYANASPSRTAGHVGVLLDLVNRFVTNSQYAIDPNQVYVAGLSSGGGMTMVLGCIAPDIFAGIGINAGPPPGTTTAQIGYVPSGFTATTAANKCNAWAGSNAGKFSTQIAGAVWGTSDYTVAQAYGPMDAAAMRLVYGGNFTQGSQVSISGGGTNTPYTDSNGKVRTHEISVSGMAHAWPAGTGGDNTNYVDATHINYPVFVMDYWVKNNLRAGSGTGQAGSAPTGLAVTATTSTSVSLSWNAVANASSYGVYRNGSKVGSATATAYTDSGLIAGTTYSYTVTAVDPTAGESQPSAAVSATTKSAFTCTATTASNYAHVQAGRAHDSGGIAYANGSNQSMGLDNLFYTSTLAQTAAGYYIVGNCP,1
PHB,MQHLLSGWIRRIALPVLTLSTLIILPSLPAHAGQTDSYTLPQQAYNQSRARDYKVYVPDGLTSPAPMVMALHGCKQTNNDVLNDWGLKAAADRYGFILVAPYITSYDGLRNQNCWGFWFDHHRHEGAGEVEDLHQIALAVEGNYSIDPQRRFITGLSSGGAMTAVAAITHNEYWAAAASASGLPYGEDSSSVSLTGQCPGNATFHSVSRVVSDMQAELNDPYPIPMMVLQNKNDCTVLKKAADNIRDAHLKVFGEAGFDTPSGADAGTVNCSPYYQNDYNCTHTRYTQDGTTGTRSVVETVYLDGPLSTPNTQDTDHGHYWVSGKDGNNGKWAIRVGPSYPDIIWNFFAAHDRDGPDPEGYPVITLIGDNPMSVAIGTAFTDPGATAEDAEDGSLTVSADCSDVDTASVGTYACTYSATDSDTNETTVTRSVEVYDPKAPVETCQQATASPSGHISAGRAYAGGTSNLRAYANGDDADIGASFDSWSSVVLYEGEPGQWFSQEPSACSGVPDDGNDNGDPVACQDWNASNLSHSMAGRAYYSAGYYTTGGDDSLGPIPGTYTWVKETSAGVFEAGQCP,1
PHB,MFDSVKIAWLVALGAAQVAATALPAFNVNPNSVSVSGLSSGGYMAAQLGVAYSDVFNVGFGVFAGGPYDCARNQYYTSCMYNGYPSITTPTANMKSWSGNQIASVANLGQRKIYMWTGSSDTTVGPNVMNQLKAQLGNFDNSANVSYVTTTGAVHTFPTDFNGAGDNSCSLSTSPYISNCNYDGAGAALKWIYGSLNARNTGTLSGSVLSFAQSGSYGANGMDTTGYLYVPQSCASGATVCSLHVALHGCLQSYSSIGSRFIQNTGYNKWADTNNMIILYPQAIPDYTIHAIWNGGVLSNPNGCWDWVGWYGSNADQIGGVQMAAIVGQVKQIVSGFQG,1
PHB,MRIRRQAGTGARASMARAIGVMTTALAVLVGAVGGVAGAEVSTAQDNPYERGPDPTEDSIEAIRGPFSVATERVSSFASGFGGGTIYYPRETDEGTFGAVAVAPGFTASQGSMSWYGERVASQGFIVFTIDTNTRLDQPGQRGRQLLAALDYLVERSDRKVRERLDPNRLAVMGHSMGGGGSLEATVMRPSLKASIPLTPWNLDKTWGQVQVPTFIIGAELDTIASVRTHAKPFYESLPSSLPKAYMELDGATHFAPNIPNTTIAKYVISWLKRFVDEDTRYSQFLCPNPTDRAIEEYRSTCPY,1
PHB,MTSRPMRSLVIAFLTLVAAAAPALAGAGAWQNNLSLGGFNKVHLYTPDGDSPVGNGKALLIVLHGCTQSIDAYKTANLEVAAEEYGMVVAVPDAMNKAGFSCWSYWQGTKSRSAGDYKNLINLANTLSGDAARGIDPNQVYIAGLSSGASFANTTACLAPDVFAGVGVSAGPSVGTSSSGAIGTCEQADVESRCRDLGGGYQSAFDTQVASIAHGDADTTVDTCYNRQNAEGMAGLYGVSEVAGSTVINADGGSAEEFLWQDGRVSMLWFHGLDHSWSGGQGASGSYVSGASINYARYLGGFFAEHNARIDRNRVPTLAQVDVTASADRIQVSGQASDEDGTVSSVAIVIEGVNGGGATLAAAIDNNGYFQATSDPLADGLYTVAVTAADDDGGESEPAIRTVRVGPEPPASAPVLSDIAVSVDGQCATVSGQVVDENQDLAGVTVTFASGVRAAGIDGVRYSARACDLPGGAQNATVSAEDEGGLSSGDQIDFVIDAGQTATLDQHISAGRLDYTNYADCYLEYGADAFKLTEATVSGQCQWQDDDASCAGPVQACSGAGGGGDPQPQPGDECQTQSTYNYYHKVAGRAYSTGNYYAPDYFAQGSDEPMAGSTWGLTALYSEDGGNVWRLGECP,1
PHB,MAFNFIRAAAAGAAIALCGVASVHAAVNLPALKIDKTQTTVSGLSSGGFMAVQLHVAYSATFAKGVGVVAGGPFYCAEGSVVNATGRCMASPTGIPTSTLVNTTNTWAGQGVIDPVANLQNSKVYLFSGTLDSVVKTGVMDALRTYYNSFVPAANVVYKKDIASEHAMVTDDYGNGCSTKGAPYISDCNFDLAGAMLQHLYGTLNARNNATLPSGNFIEFNQSEFISNHGMATTGWAYVPQACQAGGTATCKLHVVLHGCKQNVNDVQQQYVRNTGYNRWADSNNIVMLYPQTSLAATNSCWDWWGYDSANYSKKSGPQMAAIKAMVDRVGSGGTTNPPVDLPAPTGVKPSGATASSMAIGWNAVSGGPSYNVYRNGNKTNALPVTATNFTDTGLAASTTYSWTVRAADGNGAEGAVSAAASGTTLAASGGGTGTCTTASNYAHTMAGRAYVYGGYTFALGSNQSMGLWNIFVNKTLKQTSPNYYVIGTCP,1
PHB,MAFNFIRAAAAGAAIALCGVASVHAAVNLPALKIDKTQTTVSGLSSGGFMAVQLHVAYSATFAKGVGVVAGGPFYCAEGSVVNATGRCMASPTGIPTSTLVNTTNTWAGQGVIDPVANLQNSKVYLFSGTLDSVVKTGVMDALRTYYNSFVPAANVVYKKDIASEHAMVTDDYGNGCSTKGAPYISDCNFDLAGAMLQHLYGTLNARNNATLPSGNFIEFNQSEFISNHGMATTGWAYVPQACQAGGTATCKLHVVLHGCKQNVNDVQQQYVRNTGYNRWADSNNIVMLYPQTSLAATNSCWDWWGYDSANYSKKSGPQMAAIKAMVDRVGSGGTTNPPVDLPAPTGVKPSGATASSMAIGWNAVSGGPSYNVYRNGNKTNALPVTATNFTDTGLAASTTYSWTVRAADGNGAEGAVSAAASGTTLAASGGGTGTCTTASNYAHTMAGRAYVYGGYTFALGSNQSMGLWNIFVNKTLKQTSPNYYVIGTCP,1
PHB,MLVSALALAVLSAASLGRAAPTPESAEAHELEARATSSACPQYVLINTRGTGEPQGQSAGFRTMNSQITAALSGGTIYNTVYTADFSQNSAAGTADIIRRINSGLAANPNVCYILQGYSQGAAATVVALQQLGTSGAAFAVKGVFLIGNPDHKSGLTCNVDSNGGTTTRNVNGLSVAYQGSVPSGWVSKTLDVCAYGDGVCDTAHGFGINAQHLSYPSDQGVQTMGYKFAVNKLGGSA,1
PHB,MLLKKRWLIFISFLLAFTLLIPTAASASEKHYKPNIALEPIENSEGNEHPIILVHGLGGFGRDELGGIIKMWGGIHDIEKKLREKGYKVYTAAVGPVSSNRDRAIELYYQIKGGTVDYGEAHAKKYGHDRYGRTYPGFYPEWGEINPKTGKPNKVHLIGHSMGGQTIRTLAQLLYEGDPEEHKTGGNDISPLLSGEKQPWLHSVLSISSPHDGSTATYLVNDVIPIIQELVIGAAIFAGNIDQNLYDFKLDHWGIKKRPGESFHSYVQRVRNSPGWKTKDTANWDLKPEGAYELNRWVKAQPDVYYFSVSNTQSRRSLLTGYYVPDLFMNPFLHPTAYYIGSKTFRKSNFVLDKTWWENDGLVSVKAMKGPNIGSNDVIVEYNGTPRKGVWNHLGTMRQFDHLDIIGWGVRDVTSWYEDVARFLYSLPDDY,1
PHB,METVKGVHLAIAALLFLCVLPGNADASEKQFDLVLVHGLTNKHRWSDSFLRALVNEWGSGNVYVIYTNQSMQVSKRTIDGKTITFIGKNDFSAGDDSVKDQAEIMAEKIEVLKRDHGLSPQFYIIAHSMGGLVSRQYIYDHPNTVAGLVTLGTPHHGSPLASDFDWLGFFIGAEAAMDNLRPEWVEDFNRRFPVENAPLYNGGKIYTIRGDSDGKIWEWGAMGELYVGWHILHKKHGTDSDGLVPHASAVIEGAVHLADFPNYHHLDLVTREEVAKKAAEVLR,1
PHB,MFDSVKIAWLVALGAAQVAATALPAFNVNPNSVSVSGLSSGGYMAAQLGVAYSDVFNVGFGVFAGGPYDCARNQYYTSCMYNGYPSITTPTANMKSWSGNQIASVANLGQRKIYMWTGSSDTTVGPNVMNQLKAQLGNFDNSANVSYVTTTGAVHTFPTDFNGAGDNSCSLSTSPYISNCNYDGAGAALKWIYGSLNARNTGTLSGSVLSFAQSGSYGANGMDTTGYLYVPQSCASGATVCSLHVALHGCLQSYSSIGSRFIQNTGYNKWADTNNMIILYPQAIPDYTIHAIWNGGVLSNPNGCWDWVGWYGSNADQIGGVQMAAIVGQVKQIVSGFQG,1
PHB,MRSIRLKRLIAAVALGGAAAATQAASPLPRLNVDKTQISVSGLSAGGFMANQLGYAYSGTFMGVGIFAGGPYMCAGHSNYTSCMYNATITSSMRSAMQASIDNWSGAHIDPKAHVANQRVFLFVGNSDTTVGPNPMDAVHAQYQHNGVRRTARVRGRNSTAHVFPTDFDATGNNACNSTASPYIANCGYDGAKAVLSRIYGTLQPRNDAPAGANYIEFDQTAFTNNPGMASTGWVYVPANCAAGAQCRLHVALHGCQQSTGHIGDRFVKNTGYTRWADTNNIIVLFPQAKTDNTPRNTAASGMLPNPNACWDWVGWYGSNFAQKTGTQAAAIKAMVDHVASARPRLRLPAPTGVQTSGATSSSMVISWAAVQGAAGYNVYRDGTKVNATAVSGTSYTDNGLSPGTTYQWTVRAVNAQGPRPAVGPATGTTTGTAAVCFTSSNYAHVSAGRAYVSMGYTYANASHQNMGLWNVFVTTTLKQTGPNYYVIGTCP,1
PHB,MRSIRLKRLIAAVALGGAAAATQAASPLPRLNVDKTQISVSGLSAGGFMANQLGYAYSGTFMGVGIFAGGPYMCAGHSNYTSCMYNATITSSMRSAMQASIDNWSGAHIDPKAHVANQRVFLFVGNSDTTVGPNPMDAVHAQYQHNGVRRTARVRGRNSTAHVFPTDFDATGNNACNSTASPYIANCGYDGAKAVLSRIYGTLQPRNDAPAGANYIEFDQTAFTNNPGMASTGWVYVPANCAAGAQCRLHVALHGCQQSTGHIGDRFVKNTGYTRWADTNNIIVLFPQAKTDNTPRNTAASGMLPNPNACWDWVGWYGSNFAQKTGTQAAAIKAMVDHVASARPRLRLPAPTGVQTSGATSSSMVISWAAVQGAAGYNVYRDGTKVNATAVSGTSYTDNGLSPGTTYQWTVRAVNAQGPRPAVGPATGTTTGTAAVCFTSSNYAHVSAGRAYVSMGYTYANASHQNMGLWNVFVTTTLKQTGPNYYVIGTCP,1
PHB,MKNPFAHGSLPPIPLPDLTEATRLTRSGRLGEATALIGRLLGRGQPEATPPFEPSPLTPPTIDGEAIEITPRPGGAPRPQAPPAGRGAFLALTHRGPAGTRDYKLFVPPGSGDSSLPLILMLHGCTQDPDDFAAGTGMNKLAEEAGCLVAYPRQPASANPSKCWNWFNDENQHRGQGEAALLAELTRAIIGERRVDPARVYVAGLSAGGAAAAILAVTYPDLFAAVGVHSGLACGAARDMASAFAAMRQGGATVRPAPSAIPAIVFHGDRDTTVHPGNGDSLVSQFTADRSGLRETSQTGRAPGGHGYRRTLHSAADGTVLCEQWTIQGGGHAWSGGQPAGSFTDPRGPDASAEMLRFFLAQCHPGLGAKAPC,1
PHB,MKNPFAHGSLPPIPLPDLTEATRLTRSGRLGEATALIGRLLGRGQPEATPPFEPSPLTPPTIDGEAIEITPRPGGAPRPQAPPAGRGAFLALTHRGPAGTRDYKLFVPPGSGDSSLPLILMLHGCTQDPDDFAAGTGMNKLAEEAGCLVAYPRQPASANPSKCWNWFNDENQHRGQGEAALLAELTRAIIGERRVDPARVYVAGLSAGGAAAAILAVTYPDLFAAVGVHSGLACGAARDMASAFAAMRQGGATVRPAPSAIPAIVFHGDRDTTVHPGNGDSLVSQFTADRSGLRETSQTGRAPGGHGYRRTLHSAADGTVLCEQWTIQGGGHAWSGGQPAGSFTDPRGPDASAEMLRFFLAQCHPGLGAKAPC,1
PHB,MKRLFIAGMIFMLFFSLGAVSSSAAGSFTSKTYNGRTYKLYVPSSYQGGAALPLVVMLHGCTQDPDQFAAGTQMNALAETEKFLVLYPEQPSSANSNKCWNWFDTAHQSRGSGEPALIAGMVNQIKSSYSIDADQVFVGGLSAGAAMSVIMGATYPDIFAAISVGAGLEYKAATSVTGAYTAMSSGGPNPIQQGDLAYSAMGEHKRVVPVILFHGTADYTVAPINAHQILSQWAQTNDRASDGLDNNNIDDTADQTLPGTVSGGRSYTQYIYKDTAGKTVMEKYMIEGMGHAWPGGSTSGSYTDPKGPNATTLSWNFFKSHPKNSDAPNPGDISPPVTAASPAGGTYGSSVSVTLSTNEPATTYYTLDGSTPTVNSLKYSEPISINSSKTIKFFSVDAAGNQEGVKTEVYQISGTSEKSSVFSSLAAEDGFIGNLSADGMSSSIHKIGDKGMYNTDTYRTILSFDTSSLPDDAIITDVSLKIYRKSSTGNISSLKGDIKTGVFGTSSALEQIDYQASPSISAAFQMSVPSLDNGYTTIQLPSSLLGYMNRNGKTQFRLSS SGSADFLSDVVEIYGGDNPAYAPTLTVSYK,1
PHB,MKTRMLVGWAAAAVLAAGPAWAVQSLPRLNIDKSQISVSGLSSGGFMANQLGVAHSSTFMGVGVFAAGPYMCAGHYNYTACMYNATISDGQLSTMQSSINHWSGSQIDDKAGIAKQKIYLFVGTSDSTIGPNPMDALRKQYANNAVPTGNDEYIKRSGAAHVFPTDFDAAGNNSCGSTSSPYIANCGYDGAKAVLTRIYGTLNPRNDTPPASNYIEFSQASFTNNPGMAATGWVYVPSDCAAGAQCRLHVALHGCQQSYAQIGDKFIKNTGYTRWADTNRIVVLFPQTKVDNTSRSTAASGLLPNPNACWDWIGWYGSDFAQKGGSQISAIKAMVDHLASGAPTSTLPAPTGVSTSGATDTSMVISWASVQGAAGYHVYRNGAKQTTTPVTGTSYTDTGLTPATTYQWTVTAVDGQGAESVPSAAASGTTTGAAPPPATCYTASNYAHTTACRAYAAWGYAYAKGSNQNMGLWNIYVITTLKQTGPNHYVIGTCP,1
PHB,MGELVMIKPATMEFVSLSNGETIAYQEVGRRNTDILVLIHGNMTSSQHWDLVIEKLQDQYHIYALDLRGFGQSTYNQSIDSLQDFAEDVKLFIDELKLEKFSLMGWSMGGGVAMQFTANHPTFVEKLILVESVGMKGYPIFKKDTNGQPIVSSLVKTKEEIAQDPVQIAPVLDAIKNMNKLYYRTVWNLLIYTHNQPEPDRYEKYLDDMLTQRNFVDVNYALITFNISDEHNGVVGGSKQIHRIKAPTLVIQGDRDYVVPQVVGEELAKHLPNAELKVLEDCGHSPFIDCLDVFIKHVEDWLEQK,1
PHB,MTKQSLPQGMADQRLCRFFTAALCSLLMILLWPTTVTAGQTFSYTSPQQAYSGSRERSYKVYVPTGLSTPAPMVMALHGCRQTNDDVLNDWGLKAAADRYGFILVAPFITSYDGLRNENCWGFWFEQHIHQGGGEVADLHRIAQQVEANFVIDANRRFITGLSSGGAMSLVAAVAYNEYWAAAAPAAGLPYRETASSVSLSGQCPGSATFRSVSQVAADMRSEVNDAYPIPLMVLQNRNDCTVLQTAANNMRDAHLQVFGSASRNTPATTQASDTGCSPYHQNDYGCRHIAYTQDGTTATRSLVETVIYDGPLATPNPQDTNHGHYWIGGAQGNNGKWSLQVGPSYPDIIWDFFSRHSRDGSQPQGHPVIVLQGDNPLSVPLGSTFNDPGASASDAEDGSLPVSAECSAVNPSVVGSCSCLYSATDSDGNRSTLTRTVEVYDPNAPVETCQVVSASPSVHIGAGRAYAGGTSNLRAYAKDDGVDIGGSFDTWSNVPLYEGEPGRWYAQRPAACGGSGQAFTCQEWNASNLSHVMAGRAYYGYYTVGGNQYLGSLSGLSTWVRETAQGHFQAGRCSN,1
PHB,MKHPYGYRWHWLYALVVTLMTALATFSAHAAVTAGPGAWSSQQTWAADTVNGGNLTGYFYWPASQPTTPNGKRALVLVLHGCLQTASGDVIDNANGAGFNWKTIAEQYGAVVLAPNATGNVYSNHCWDYANTSPSRTSGHVGVLLDLVNRFVTNSQYAIDPNQVYVAGLSSGGGMTMVLGCIAPDIFAGIGINAGPPPAITRWKIGVVPSGYTATTAANNCKAWAGSNASSFNTQIAGAVWGTSDYTVAQAYGPMDTAAFRQIYGGTFTQGAQVSISGGGTNTPYTDSNGKLRTHEISVSGMAHAWPAGTGGDNNNYVDATHINYPAFVMDYWVKNNLRAGSGPVQSAGTPTGLTVTGTTTTSVSLSWNAVTNATSYNVYRNGSKVGSSTSTTYTDTGLIAGTTYSYTVTEIDPTAGESAQSSAVSAKTQSSFACTATTASNYAHVQAGRAHDSGGIAYANGSNQSMGLDNVFYTNTLAQTAAGYYVIGNCP,1
PHB,MPFHRFLLAAALASAGMAQAAAPLGQYNIDTGKISVSGLSSGGFMANQLGNAYSSTFMGVGVFAAGPYMCAGHNNYTACMYNASISASQQSAMQGSIDSYSANGTIDGKSGIAAQKIYIFTGTSDYTVGPNLTDALQTQYLNNGVPAGNITYVKRSGTAHVLPTDFDSTSNNACSSSTSPFISNCGYDGAGAVLSHFYGALNARNNAPAAANYIEFDQSAYTAGNPGMAANAWLYVPASCASGAQCKLHVVLHGCQQSTDKIGDKFVKNTGYSRWADTNQIILLFPQTRIDNTSRSTAKSGSLANPNACWDWIGWYGGNFAHKSGAQMAAIKAMVDRIASGAGSGDGGGTTPPNDPVLPAPTGLSLSGATATSMNLAWNAVAGASGYNVYRNGNKANALTVYATSYTDSALTASTTYSWAVRAVDANGAEGDASNAVSGTTLAPTQSPGTCTTASNYAHTQAGRAYQQGGYTYANGSGQSMGLWNVFVTT TLKQTATNYYVIGTCP,1
PHB Oligomers,MAVQFFQAEDGARLAYRDEGEGLPVLALPGLTRTGRDFDYLAPHLPGVRLIRPDYRGRGDSDWTGSDSYTVPQEARDVLVLLDHLGVAQAAVLGTSRGGIIGMLLAATARERLLGLCLNDVGPVLQRSGLERIFDYVGRNPAAKNLEDLAQRLPAAMPGFANVPASRWLEEAARHYVETPSGLSVNYDPALREAFLAAFDGPEVDLWPLFDATQGLPLALIRGANSDLLSHETATEMQRRRPDMILAEARDRAHVPFLDEPESLAAIHAWLAAMR,1
PHBV,MLAPRSLLFCLLLFALPNAFADSRCSERAKTLLLPAKVSCSYKTTWIDSGLIGARQVIYQAPLGTPPAGGWPVVLIYQGSFFPLNNFTYYSNQPFGGYYEGKLVRALLDSGYAVIAPSAPADLFWQTNIPGLAQAYELTTDYDFLGNVFDAIASGHFGPLNSQRKYATGISSGGYNTSRMAVSFPGQFKALAIQSGSYATCSGPLCVVPDQLPADHXPTYFLHGFVDLTVPWWSMDLYYDRLLQQGIETARYTEPLGGHEWFAASPGKVLAWFNAHP,1
PHBV,MPFHRFLLAAALASAGMAQAAAPLGQYNIDTGKISVSGLSSGGFMANQLGNAYSSTFMGVGVFAAGPYMCAGHNNYTACMYNASISASQQSAMQGSIDSYSANGTIDGKSGIAAQKIYIFTGTSDYTVGPNLTDALQTQYLNNGVPAGNITYVKRSGTAHVLPTDFDSTSNNACSSSTSPFISNCGYDGAGAVLSHFYGALNARNNAPAAANYIEFDQSAYTAGNPGMAANAWLYVPASCASGAQCKLHVVLHGCQQSTDKIGDKFVKNTGYSRWADTNQIILLFPQTRIDNTSRSTAKSGSLANPNACWDWIGWYGGNFAHKSGAQMAAIKAMVDRIASGAGSGDGGGTTPPNDPVLPAPTGLSLSGATATSMNLAWNAVAGASGYNVYRNGNKANALTVYATSYTDSALTASTTYSWAVRAVDANGAEGDASNAVSGTTLAPTQSPGTCTTASNYAHTQAGRAYQQGGYTYANGSGQSMGLWNVFVTT TLKQTATNYYVIGTCP,1
PHBV Oligomers,MFEKFLSGKTAVVTGSNSGIGLGIAHELARAGADLVLNSFTDMPEDHALAESLAAEHGVEVRYVQADMSKGADCRALIEKAGACDILVNNAGIQHVAPIPDFPGEKWDAIIAINLSSAFHTTAAALPLMRKAGWGRVINIASAHGLTASEYKSAYVAAKHGIVGLTKVTALETAKEPITCNAICPGYVLTPIVEKQIPDQMKTHNMSREDVIAKVMLQRQPSGQFATVEQMGGTAVFLCSPAAEQITGTTISVDGGWTAL,1
PHO,MPLRTLLCGLLLAVCLGQHALAASRCSERPRTLLRPAEVSCSYQSTWLDSGLVGQRKIIYQTPLGTPPAGGWPVVLIYQGSFFPLNDFSYHSNLPFGGYYEGKLVQNLLDHGYAVIAPSAPADLFWQTNIPGLAQAYELSTDYDFLGNVLAAIASGHFGPLNAQRQYATGISSGGYNTSRMAVSFPGKFRALAVQSGSYATCSGPLCVVPDQLPADHPPTLFLHGFVDAVVPWWSMDLYYDRLLHQGIETARYTEPLGGHEWFAASPGKVLAWFNAHP,1
PHPV,MLAPRSLLFCLLLFALPNAFADSRCSERAKTLLLPAKVSCSYKTTWIDSGLIGARQVIYQAPLGTPPAGGWPVVLIYQGSFFPLNNFTYYSNQPFGGYYEGKLVRALLDSGYAVIAPSAPADLFWQTNIPGLAQAYELTTDYDFLGNVFDAIASGHFGPLNSQRKYATGISSGGYNTSRMAVSFPGQFKALAIQSGSYATCSGPLCVVPDQLPADHXPTYFLHGFVDLTVPWWSMDLYYDRLLQQGIETARYTEPLGGHEWFAASPGKVLAWFNAHP,1
PHV,MRSIRLKRLIAAVALGGAAAATQAASPLPRLNVDKTQISVSGLSAGGFMANQLGYAYSGTFMGVGIFAGGPYMCAGHSNYTSCMYNATITSSMRSAMQASIDNWSGAHIDPKAHVANQRVFLFVGNSDTTVGPNPMDAVHAQYQHNGVRRTARVRGRNSTAHVFPTDFDATGNNACNSTASPYIANCGYDGAKAVLSRIYGTLQPRNDAPAGANYIEFDQTAFTNNPGMASTGWVYVPANCAAGAQCRLHVALHGCQQSTGHIGDRFVKNTGYTRWADTNNIIVLFPQAKTDNTPRNTAASGMLPNPNACWDWVGWYGSNFAQKTGTQAAAIKAMVDHVASARPRLRLPAPTGVQTSGATSSSMVISWAAVQGAAGYNVYRDGTKVNATAVSGTSYTDNGLSPGTTYQWTVRAVNAQGPRPAVGPATGTTTGTAAVCFTSSNYAHVSAGRAYVSMGYTYANASHQNMGLWNVFVTTTLKQTGPNYYVIGTCP,1
PLA,MRKLKLLLMVCMSMVFIFTLPGMGQSLKASAATERTPIVFVHGLTGSDSNFALIERYLRGEGWSSDELFAIDLPSKAGNQLLNSAAISRFVDDVLRQTGHSKVHIVAHSMGGANSLYYILNRGGIDKVDKLITLGGANRLTTSRAPDGIRVTSIYSTSDTIVSPALSRLDGANNISVNLVTHIGLLYNSRVNALIKAALIE,1
PLA,MRGVWRYMPVYYYKCMLIPLLTFTKISIISKPQESRISLIICRTMPTVATFLGLAISGAAMASGAALGAYNVDPNSISVSGLSSGGFMSAQLGVAYSDTFKVGFGVFAGGPYDCARGQSYTTCMYNQNPSITTPVANMKSWSGNKINPVSNLQSRKIYMWTGTADTTVGPNVMSQLKTQLANFASAANVSYITTSGAAHTFPTDFDAAGDNSCSSSVSPYISNCQCDGAGAVLQWMYGPLNARNPGTLSGSIVSFSQTGEYGASGMDTTGYLYVPRACQPGSSTVCKLHVALHGCKQSYSMIGSKFVSNTGYNMWADTNDIIILYPQAVADNTMHTIWTGMPLPNPNGCWDWVGWYGANADQVGGVQMAAIVNQVARVVSGYGAGSSSSTTAATPTTTTGSITTTTTTTATVTTTAVAPLYGQCGGIGWTGPTACATGVCTAYSPYYAQCLLIV,1
PLA,MRIRRQAGTGARASMARAIGVMTTALAVLVGAVGGVAGAEVSTAQDNPYERGPDPTEDSIEAIRGPFSVATERVSSFASGFGGGTIYYPRETDEGTFGAVAVAPGFTASQGSMSWYGERVASQGFIVFTIDTNTRLDQPGQRGRQLLAALDYLVERSDRKVRERLDPNRLAVMGHSMGGGGSLEATVMRPSLKASIPLTPWNLDKTWGQVQVPTFIIGAELDTIASVRTHAKPFYESLPSSLPKAYMELDGATHFAPNIPNTTIAKYVISWLKRFVDEDTRYSQFLCPNPTDRAIEEYRSTCPY,1
PLA,MLVSALALAVLSAASLGRAAPTPESAEAHELEARATSSACPQYVLINTRGTGEPQGQSAGFRTMNSQITAALSGGTIYNTVYTADFSQNSAAGTADIIRRINSGLAANPNVCYILQGYSQGAAATVVALQQLGTSGAAFAVKGVFLIGNPDHKSGLTCNVDSNGGTTTRNVNGLSVAYQGSVPSGWVSKTLDVCAYGDGVCDTAHGFGINAQHLSYPSDQGVQTMGYKFAVNKLGGSA,1
PLA,MLLKKRWLIFISFLLAFTLLIPTAASASEKHYKPNIALEPIENSEGNEHPIILVHGLGGFGRDELGGIIKMWGGIHDIEKKLREKGYKVYTAAVGPVSSNRDRAIELYYQIKGGTVDYGEAHAKKYGHDRYGRTYPGFYPEWGEINPKTGKPNKVHLIGHSMGGQTIRTLAQLLYEGDPEEHKTGGNDISPLLSGEKQPWLHSVLSISSPHDGSTATYLVNDVIPIIQELVIGAAIFAGNIDQNLYDFKLDHWGIKKRPGESFHSYVQRVRNSPGWKTKDTANWDLKPEGAYELNRWVKAQPDVYYFSVSNTQSRRSLLTGYYVPDLFMNPFLHPTAYYIGSKTFRKSNFVLDKTWWENDGLVSVKAMKGPNIGSNDVIVEYNGTPRKGVWNHLGTMRQFDHLDIIGWGVRDVTSWYEDVARFLYSLPDDY,1
PLA,SFLLAFTPFVPTATASASEKNYQPNINLEPIQNSEGNEYPIILVHGLGGFGRDELGGIIKMWGGIHDIEKKLREKGYKVYTAAVGPVSSNRDRAIELYYQIKGGTVDYGEAHAKKTGHSRYGRTYPGFYPEWGEINPKTGKPNKVHLIGHSMGGQTIRTLAQLLYEGDPEEQKISGNDISPLLSGEKQPWLHSVLSISSPHDGSTATYLVNDVIPIIQELVIGAAIFAGNIDQNLYDFKLDHWGIKKQPGESFHSYVQRVRNSPGWKTKDTANWDLKPEGAYELNRWVKAQPDVYYFSVSNTQSRRSLLTGHYVPDLFMNPFLHPTSYYIGSKTFRKSNFVLDKTWWENDGLVSVKAMKGPNIGSNDVIVEYDGTPRKGVWNHLGTMRQFDHLDIIGWGVRDVTGWYEDVARFLYSLPE,1
PLA,METVKGVHLAIAALLFLCVLPGNADASEKQFDLVLVHGLTNKHRWSDSFLRALVNEWGSGNVYVIYTNQSMQVSKRTIDGKTITFIGKNDFSAGDDSVKDQAEIMAEKIEVLKRDHGLSPQFYIIAHSMGGLVSRQYIYDHPNTVAGLVTLGTPHHGSPLASDFDWLGFFIGAEAAMDNLRPEWVEDFNRRFPVENAPLYNGGKIYTIRGDSDGKIWEWGAMGELYVGWHILHKKHGTDSDGLVPHASAVIEGAVHLADFPNYHHLDLVTREEVAKKAAEVLR,1
PLA,MEMVKGVHLAIAALLFLCVLPGNADASEKQFDLVLVHGLTNKHRWSDSFLRALVNEWGSGNVYVIYTNQSMQVSKRTIDGKTITFIGKNDFSAGDDSVKDQAEIMAEKIEVLKRDHGLSPQFYIIAHSMGGLVSRQYIYDHPNTVAGLVTLGTPHHGSPLASDFDWLGFFIGAEAAMDNLRPEWVEDFNRRFPVENAPLYNGGKIYTIRGDSDGKIWEWGAMGELYVGWHILHKKHGTDSDGLVPHASAVIEGAVHLADFPNYHHLDLVTREEVAKKAAEVLR,1
PLA,MHESVHAESLWLTMDDGAEVYVRVWEPAARAAADSSDDAPAPPAAAGGPRAVLQLAHGMTEHSGRYDDFARFLAGRGFAVVGNDHRGHGHTGERADSMGYLADQDGFERLVDDLRAVHEWACRRWPGAPRFLMGHSMGSFLVRRYIQRYGDTVAGVIIMGTAGNPGLPGKIGRRLARLEMRRRGPRHPSMLLTSLVFGGYNKKIRSPKTAFDWLSRDAEAVKAYVADPWCGFVPSAGFYFDLLTGLLLIHDEREIARIPKDLPMLFLSGDADPVTGYGKGVERVIAQYERHGLRRMTSILYKDARHELLNELNKEEVYGDILKWLENTQAGILRNLSK,1
PMCL,LGRTTRDDLINGNSASCRDVIFIYARGSTETGNLGTLGPSIASNLESAFGKDGVWIQGVGGAYRATLGDNALPRGTSSAAIREMLGLFQQANTKCPDATLIAGGYSQGAALAAASIEDLDSAIRDKIAGTVLFGYTKNLQNRGRIPNYPADRTKVFCNTGDLVCTGSLIVAAPHLAYGPDARGPAPEFLIEKVRAVRGSA,1
PPL,MAFNFIRAAAAGAAIALCGVASVHAAVNLPALKIDKTQTTVSGLSSGGFMAVQLHVAYSATFAKGVGVVAGGPFYCAEGSVVNATGRCMASPTGIPTSTLVNTTNTWAGQGVIDPVANLQNSKVYLFSGTLDSVVKTGVMDALRTYYNSFVPAANVVYKKDIASEHAMVTDDYGNGCSTKGAPYISDCNFDLAGAMLQHLYGTLNARNNATLPSGNFIEFNQSEFISNHGMATTGWAYVPQACQAGGTATCKLHVVLHGCKQNVNDVQQQYVRNTGYNRWADSNNIVMLYPQTSLAATNSCWDWWGYDSANYSKKSGPQMAAIKAMVDRVGSGGTTNPPVDLPAPTGVKPSGATASSMAIGWNAVSGGPSYNVYRNGNKTNALPVTATNFTDTGLAASTTYSWTVRAADGNGAEGAVSAAASGTTLAASGGGTGTCTTASNYAHTMAGRAYVYGGYTFALGSNQSMGLWNIFVNKTLKQTSPNYYVIGTCP,1
PPL,MAFNFIRAAAAGAAIALCGVASVHAAVNLPALKIDKTQTTVSGLSSGGFMAVQLHVAYSATFAKGVGVVAGGPFYCAEGSVVNATGRCMASPTGIPTSTLVNTTNTWAGQGVIDPVANLQNSKVYLFSGTLDSVVKTGVMDALRTYYNSFVPAANVVYKKDIASEHAMVTDDYGNGCSTKGAPYISDCNFDLAGAMLQHLYGTLNARNNATLPSGNFIEFNQSEFISNHGMATTGWAYVPQACQAGGTATCKLHVVLHGCKQNVNDVQQQYVRNTGYNRWADSNNIVMLYPQTSLAATNSCWDWWGYDSANYSKKSGPQMAAIKAMVDRVGSGGTTNPPVDLPAPTGVKPSGATASSMAIGWNAVSGGPSYNVYRNGNKTNALPVTATNFTDTGLAASTTYSWTVRAADGNGAEGAVSAAASGTTLAASGGGTGTCTTASNYAHTMAGRAYVYGGYTFALGSNQSMGLWNIFVNKTLKQTSPNYYVIGTCP,1
PU,MPFNKKSVLALCGAGALLFSMSALANNPAPTDPGDSGGGSAYQRGPDPSVSFLEADRGQYSVRSSRVSSLVSGFGGGTIYYPTGTTGTMGAVVVIPGFVSAESSIDWWGPKLASYGFVVMTIDTNTGFDQPPSRARQINNALDYLVSQNSRSSSPVRGMIDTNRLGVIGWSMGGGGTLRVASEGRIKAAIPLAPWDTTSYYASRSQAPTLIFACESDVIAPVLQHASPFYNSLPSSIDKAFVEINGGSHYCGNGGSIYNDVLSRFGVSWMKLHLDEDSRYKQFLCGPNHTSDSQISDYRGNCPY,1
PU,MSMSIFDYKTALGGDGKALYSEAITLALYASTPTGEALPGTAWRPISVSQLGYQGNVSAQGTISGEQAIVSDAQSRCWANTTRPGSCCPSASSFRGTRQPQGRYQRLAGGLRVGLLPTTTSRLAFDNLLGKVAAFAAAQGLSGSDVLVTGHSLGGLGGQPRGGHEQRSLGRLLPGRQLLGFASPTQSANSSQVLNIGYETTRCSAPWTALISTALSLGTHWQAPGVATNNIVSFTDHYSSFLGEVDSPEHPQSAVLVGPQCGGLRRGLNRLINSDFYDLTSRDSTVVISNLSEGKRDQVWVKDLNLYAEKHTGSTFIIGTQSNDLLHGGKGNDYLDGGAGDDRFRDDGGYNIIHGGQGHNVLELQQPLKNFSIANDGDGTLYIRDAYGGISMTRDVGALVSHETGSWWQLFGKDVSHSVTADGLQNGNQWTAYNHSLNGDAYGNALVASVDGDWLFGHGGDDLLSSDKANVTFVGGTGNDVMHSSGGGGNTFLFSGNFGFDLIHGYQNTDKLVFMGVPGVDAHYDYSQHLSQNGNDTLVQVFGEFLRVNPWWGSAWTSLSGSGLVFA,1
PU,MGVFDYKNFTASDSKALFSDALAITLYSYHNIDNGFAEGYQHNGFGLGLPATLVTALIGSGNSQGVIPGIPWNPDSEKAALDALHQAGWSTISAQQLGYDGKVDGRGTFFGEKAGYGTAQVEILGKYDAQGHLESIGIAFRGTSGPRESVISDTIGDVINDLLAALGPKDYAKNYAGEAFGKLLGDVAAFAQANGLSGKDLVSGHSLGGLGVNSLADLSSERWSGFYKDSNYIAYASPTQSASDKVLNIGYENDPVFRALDGSTFNLSSLGVHDAHQDSATNNIVNFNDHYASTLWNVLPSSILNIPTWLSHLPTGYGDGLSRVLESKFYDFTSKDSTIVVANLSDPARASTWVQDLNRNAETHKGSTFIIGSDGNDLIQGGSGNDYLEGRAGNDTFRDSGGYNIILGGQGSNTLDLQQSVKNYSFASDGAGTLYLRDANGGISMTRDIGAIQSKEPGFLWGLFKDDVIHQVTDQGLKAGGQLTQYASSVRGDAGDNVLKAHAGGDWLFGLDGNDHLIGGQGNDVFVGGAGNDLMEAGGGNNTFLFTGHFGQDRILGYQGGDKLVFMGVSGVLPDQDYRAHASSSGNDTVLTFGQDSVTLVGVSLEHLNGSGIVLA,1
PU,MSMSIFDYKTALGGDGKALYSEAITLALYASTPTGEALPGTAWRPISVSQLGYQGNVSAQGTISGEQAIVSDAQSRCWANTTRPGSCCPSASSFRGTRQPQGRYQRLAGGLRVGLLPTTTSRLAFDNLLGKVAAFAAAQGLSGSDVLVTGHSLGGLGGQPRGGHEQRSLGRLLPGRQLLGFASPTQSANSSQVLNIGYETTRCSAPWTALISTALSLGTHWQAPGVATNNIVSFTDHYSSFLGEVDSPEHPQSAVLVGPQCGGLRRGLNRLINSDFYDLTSRDSTVVISNLSEGKRDQVWVKDLNLYAEKHTGSTFIIGTQSNDLLHGGKGNDYLDGGAGDDRFRDDGGYNIIHGGQGHNVLELQQPLKNFSIANDGDGTLYIRDAYGGISMTRDVGALVSHETGSWWQLFGKDVSHSVTADGLQNGNQWTAYNHSLNGDAYGNALVASVDGDWLFGHGGDDLLSSDKANVTFVGGTGNDVMHSSGGGGNTFLFSGNFGFDLIHGYQNTDKLVFMGVPGVDAHYDYSQHLSQNGNDTLVQVFGEFLRVNPWWGSAWTSLSGSGLVFA,1
PU,MGVFDYKNFTASDSKALFSDALAITLYSYHNIDNGFAEGYQHNGFGLGLPATLVTALIGSGNSQGVIPGI PWNPDSEKAALDALHQAGWSTISAQQLGYDGKVDGRGTFFGEKAGYGTAQVEILGKYDAQGHLESIGIAF RGTSGPRESVISDTIGDVINDLLAALGPKDYAKNYAGEAFGKLLGDVAAFAQANGLSGKDVLVSGHSLGG LGVNSLADLSSERWSGFYKDSNYIAYASPTQSASDKVLNIGYENDPVFRALDGSTFNLSSLGVHDAHQDS ATNNIVNFNDHYASTLWNVLPSSILNIPTWLSHLPTGYGDGLSRVLESKFYDFTSKDSTIVVANLSDPAR ASTWVQDLNRNAETHKGSTFIIGSDGNDLIQGGSGNDYLEGRAGNDTFRDSGGYNIILGGQGSNTLDLQQ SVKNYSFASDGAGTLYLRDANGGISMTRDIGAIQSKEPGFLWGLFKDDVIHQVTDQGLKAGGQLTQYASS VRGDAGDNVLKAHAGGDWLFGLDGNDHLIGGQGNDVFVGGAGNDLMEAGGGNNTFLFTGHFGQDRILGYQ GGDKLVFMGVSGVLPDQDYRAHASSSGNDTVLTFGQDSVTLVGVSLEHLNGSGIVLA,1
PU,MGVFDYKNFTASDSKALFSDALAITLYSYHNIDNGFAEGYQHNGFGLGLPATLVTALIGSGNSQGVIPGIPWNPDSEKAALDALHQAGWSTISAQQLGYDGKVDGRGTFFGEKAGYGTAQVEILGKYDAQGHLESIGIAFRGTSGPRESVISDTIGDVINDLLAALGPKDYAKNYAGEAFGKLLGDVAAFAQANGLSGKDVLVSGHSLGGLGVNSLADLSSERWSGFYKDSNYIAYASPTQSASDKVLNIGYENDPVFRVLDGSTFKLSSLGVHDAHQDSATNNIVNFNDHYASTLWNVLPFSILNIPTWLSHLPTGYGDGLTRVLESKFYDFTSKDSTIVVANLSDPARASTWVQDLNRNAETHKGSTFIIGSDGNDLIQGGSGNDYLEGRAGNDTFRDSGGYNIILGGQGSNTLDLQQSVKNYSFASDGAGTLYLRDANGGISMTRDIGAIQSKEPGFLWGLFKDDVIHQVTDQGLKAGGQLTQYASSVRGDAGDNVLKAHAGGDWLFGLDGNDHLIGGQGNDVFVGGAGNDLMEAGGGNNTFLFTGHFGQDRILGYQGGDKLVFMGVSGVLPDQDYRAHASSSGNDTVLTFGQDSVTLVGVSLEHLNGSGIVLA;MSIFDYKTALGGDGKALYSEAITLALYASTPTGEALPGTAWRPISASQLGYQGNVSAQGTISGEQAIVSDAQVEVLGKYDASGQLLSIGISFRGTDSLKDGINDLQAAFVSGFADNYSRLAFDNLLGKVAAFAAAQGLSGSDVLVTGHSLGGLGVNSLAAMSSDHWGGFYQDASYVAFASPTQSANSSQVLNIGYENDPVFRALDGTHFNASSLGTHDKPQESATNNIVSFTDHYSSFLGKLIPQSILNPQSWSAHSAVDYAGGLNRLINSDFYDLTSRDSTVVISNLSEGKRDQVWVKDLNLYAEKHTGSTFIIGTQSNDLLHGGKGNDYLDGGAGDDRFRDDGGYNIIHGGQGHNVLELQQPLKNFSIANDGDGTLYIRDAYGGISMTRDVGALVSHETGSWWQLFGKDVSHSVTADGLQNGNQWTAYNHSLNGDAYGNALVASVDGDWLFGHGGDDLLSSDKANVTFVGGTGNDVMHSSGGGGNTFLFSGNFGFDLIHGYQNTDKLVFMGVPGVDAHYDYSQHLSQNGNDTLLSVGEFSVTLVGVGMDSLSGSGLVFA,1
PU,MNSRSLTKAIRFPTILALAGFSVLGACGGSDNDSSSNNQGAPAVAITVAGQVQAVDRLGMRRYFGIPFAAPPVGNLRWMPPAPPQSWAAPLAKTQSNAPCMQTGATDPLRLPNGTEDCLYLDVHAPATGEGPFPVMVWIHGGAFSIGGTITYADPSPLVSKGVIVVNIAYRMGAMGFLGHPSLRAADGTVGNYGIMDQQAALRWVQDNIAAFGGDKSNVTIFGESAGGFSVMTHLASPLSKGLFAKAIVQSGGYGFDRQLTQAQLEAQSTSIVNSALAAAGVSCPTVDAACLRGLSAELVNNQLATAFTTANWSPVPSVDGKVLPKSIKATFVAGENNKVPLVNGSNQDEWSYFVASRELVAGPLTAAQYPSYLQTSLGLPPSLATVYPLTDYGTNTAQQPSLAATAAGTDMHFSCPALNLSKRVLSQATPIFMYEFRDRTAIPSIGRNTISFNQGAGHTYELQYLFNLRDLETAEHRDLQASMARYWTNFARTSNPNNGDPVATSWPAFTGPTKVLGLDVASAGGIRELATFETDHKCNTAWTSLTF,1
PU,MGIFDYKNLGTEGSKTLFADAMAITLYAYHNLDNGYAVGYQHNGLGLGLPATLVQALLGSTDSQGVIPGIPWNPDSEKAALDAVQQAGWTPISASSLGYTGKVDARGTFFGEKPGYTTAQVEVLGKYDDAGKLLEIGIGFRGTSGPREHLISDSIGDVISDLLAAFGPKDYAKNYVGEAFGGLLKNVAEFAGAHGLSGQDVLVSGHSLGGLAVNSMADLSDSKWSGFYKDANYVAYASPTQSGGDKVLNVGYENDPVFRALDGASFNLSSLGVHDKPHESTTDNIVSFNDHYASSLWNVLPFSILNLPTWVSHLPTGYGDGMTRILDSGFYEQMTRDSTVIVANLSDPARANTWVQDLNRNAEAHKGDTFIIGSHGDDLIQGGKGADFIEGGKGNDTIRDSSGHNTFLFSGHFGNDRVVGYQATDKLVFTDVQGSADYRDHAKLVGGDTVISFGADSVTLVG,1
PU,MGVFDYKNFTASDSKALFSDALAITLYSYHNIDNGFAEGYQHNGFGLGLPATLVTALIGSGNSQGVIPGIPWNPDSEKAALDALHQAGWSTISAQQLGYDGKVDGRGTFFGEKAGYGTAQVEILGKYDAQGHLESIGIAFRGTSGPRESVISDTIGDVINDLLAALGPKDYAKNYAGEAFGKLLGDVAAFAQANGLSGKDVLVSGHSLGGLGVNSLADLSSERWSGFYKDSNYIAYASPTQSASDKVLNIGYENDPVFRALDGSTFNLSSLGVHDAHQDSATNNIVNFNDHYASTLWNVLPSSILNIPTWLSHLPTGYGDGLSRVLESKFYDFTSKDSTIVVANLSDPARASTWVQDLNRNAETHKGSTFIIGSDGNDLIQGGSGNDYLEGRAGNDTFRDSGGYNIILGGQGSNTLDLQQSVKNYSFASDGAGTLYLRDANGGISMTRDIGAIQSKEPGFLWGLFKDDVIHQVTDQGLKAGGQLTQYASSVRGDAGDNVLKAHAGGDWLFGLDGNDHLIGGQGNDVFVGGAGNDLMEAGGGNNTFLFTGHFGQDRILGYQGGDKLVFMGVSGVLPDQDYRAHASSSGNDTVLTFGQDSVTLVGVSLEHLNGSGIVLA,1
PVA,MGSHAWGGAVFSAATLIAFGSVVHASGTVAETAPQSGHAVPADQLDGETLYKARCAACHDNAEGRTPSREVLSKNPASFILASMRTGAMVPMAEGLTLEEMTAIARAVGKADAKTDDGIDLRRIWGNSVEGTPLDAPQCSSAPTPVDLGAANQWNGWSTEKDNGRFQRKPALDVADIPKLKLKWAFQYPGSKNGQATVIGDRLFTTSTSGAVYALNAKTGCVYWRHAAEGATRTSPVIAALPEGAPAKTALFFSDFTKAAVALDAETGKQLWKTVVDDQPALQMTGSITYWDGKIYVPISSGTEAFAQIPTWECCKFRGALVALDAATGKILWKRYTTEQEPRPFKLNKAGRQMWGPSGGAIWVTPTVDEARRLIYVGTSNSYTDVPYDNSDSVMAIDADTGAVRWTVQLLADDNYIDGCWQKGKEHANCPNPLGPDFSIGAAPIYRKMADGKEFLLVGQKSGMIYALDPANKGAKIWERQLSLGSALGGIEFGTAADDGKVYAGVSDIASQAKDRGKPGLWALDIRTGEVAWNFLNAPDTKCRWNNWWCHGAFSQAISVIPGAIFAGSYDGHFRAFDTATGKIIWDVDTGTKAVTTLSGAKAFGGVMDGAGPTIAGGMVYVHSGYAGRSSESGGRDLRGTDGNILMAFSVDGK,1
PVA,MQQNIERNQVSMTTSRFVWGAVMALVALGSASAAELNLPDGAALYRARCGTCHDNPQDRTPARDVIARNSPAFIMAAMNGVMAPMAAGLSEAEKQAIALHLGARPAGGSQEINPHAIWGPPSASMPLDGPKCKGKIPPIDLSTPDQWNGWGAGITNARFQPNPGLTAADVPRLKVKWAFNYPGSKNGQATVVGDRLFVTSMSGAVYALNAKTGCVYWRHDAAAATRSSVHVVQLPAGAPAQYAIFFSDWTKAAVALDAQTGKQLWKTTIDDQPGVQMTGSPTYHEGKLFVPISSGNEAFATNDQWECCKFRGALVALDALSGKVLWKTYTTQKEPAPFRLNKLGKQMWGPAGGSIWSAPTIDPKRGLVYVATSNSYTEVHHEGSDAVMAMEIETGKVRWINQVTKDDNYIIGCPRAANCPEKVGPDFALGNSPILHTLQDGRQYIVVGQKSGAVYAMDPDNDGELIWMRRVSPGSELGGVEFGMAADAENVYVGISDVITRKGGKPGVYALRIRDGADVWAFPAPRTPCRWNNIFCHPAVSQAVTAMPGVVFAGSMDGHFRAFSTSDGKVLWEFNTAAAPYKTVAGKQADGGVMDGAGPTIAGGMVYVHSGYAGRSTQNAGDLRGREGNVLIAFSVDGK,1
PVA,MQQNIERNQVSMTTSRFVWGAVMALVALGSASAAELNLPDGAALYRARCGTCHDNPQDRTPARDVIARNSPAFIMAAMNGVMAPMAAGLSEAEKQAIALHLGARPAGGSQEINPHAIWGPPSASMPLDGPKCKGKIPPIDLSTPDQWNGWGAGITNARFQPNPGLTAADVPRLKVKWAFNYPGSKNGQATVVGDRLFVTSMSGAVYALNAKTGCVYWRHDAAAATRSSVHVVQLPAGAPAQYAIFFSDWTKAAVALDAQTGKQLWKTTIDDQPGVQMTGSPTYHEGKLFVPISSGNEAFATNDQWECCKFRGALVALDALSGKVLWKTYTTQKEPAPFRLNKLGKQMWGPAGGSIWSAPTIDPKRGLVYVATSNSYTEVHHEGSDAVMAMEIETGKVRWINQVTKDDNYIIGCPRAANCPEKVGPDFALGNSPILHTLQDGRQYIVVGQKSGAVYAMDPDNDGELIWMRRVSPGSELGGVEFGMAADAENVYVGISDVITRKGGKPGVYALRIRDGADVWAFPAPRTPCRWNNIFCHPAVSQAVTAMPGVVFAGSMDGHFRAFSTSDGKVLWEFNTAAAPYKTVAGKQADGGVMDGAGPTIAGGMVYVHSGYAGRSTQNAGDLRGREGNVLIAFSVDGK,1
PVA,MAALQQRTIDLLRTHQDTVVAQWSDQLAGSGQGQDGRLSTRELDAQVREFWRLFQTAVSTNGTGVAGSEWQDTRQFLEQLSRDRVLKGFSSSETASFLFSLKRPLFELVQQNFADDPKAVGDQLWAISELIDGLGLHSVKVYQKTREDVIQRQQEEMLELSTPVVKLWEGVLALPMIGTLDSQRTQVVMESLLQRIVDTGSEIAIIDITGVPTVDTLVAQHLLKTVTAIRLMGADAIISGVRPQIAQTIVHLGLDLQGIVTKANLADALALALKRTGQTVTKAAR,1
